kind	target	exit	status	requests	receipt_id
semantic	src/recursion-PROOF.bend	3	findings	32/32	2026-09-29T04-50-55.118Z-1b5715dc-1e73-464c-a2e3-e78b05552f71
semantic	src/recursion-LAWS.bend	3	findings	32/32	2026-09-29T04-51-43.291Z-f2ecf8d1-a0f2-40b4-afb1-31673f153237
semantic	src/LAWS.bend	3	findings	32/32	2026-09-29T04-51-47.459Z-ef06505f-a8c9-4c19-b0b0-68ac937d4021
semantic	src/PROOF.bend	3	findings	32/32	2026-09-29T04-51-51.678Z-7593bfe5-2f63-49f6-bcb1-c38609e1356f
semantic	src/check.bend	3	findings	68/68	2026-09-29T04-51-55.769Z-cbe1c1cf-8c18-4386-b508-2e196acf35af
semantic	src/parse.bend	3	findings	40/40	2026-09-29T04-52-01.070Z-9e35bad7-76a4-4221-8285-41ae7511548e
semantic	src/patterns.bend	3	findings	18/18	2026-09-29T04-52-05.386Z-7e01f671-8543-4d70-acb1-7da625751681
semantic	src/scope.bend	3	findings	46/46	2026-09-29T04-52-09.385Z-179d4938-214d-4d92-9dc8-d0ae647ae055
semantic	src/wasm.bend	3	findings	78/78	2026-09-29T04-52-13.638Z-61b7fd27-2989-4bd1-98c8-583ff70316b2
semantic	research/adaptive-tasks/runtime/LAWS.bend	3	findings	16/16	2026-09-29T04-52-18.877Z-69712957-1bd7-4222-bf59-1fd77c692b20
semantic	research/adaptive-tasks/runtime/PROOF.bend	3	findings	16/16	2026-09-29T04-52-22.803Z-7863e6be-4cac-46b7-814e-29bf85f31a3d
semantic	research/adaptive-tasks/runtime/frontier.bend	3	findings	62/62	2026-09-29T04-52-25.839Z-09f3b613-5932-438b-8693-9251760c80c2
semantic	research/adaptive-tasks/runtime/slot-model.bend	0	completed	12/12	2026-09-29T04-52-29.534Z-a7489d0f-d40f-4373-8c47-ebaaa3737740
semantic	research/data-lifetime/LAWS.bend	3	findings	40/40	2026-09-29T04-52-32.923Z-245550fc-de3b-44f1-97fd-781421e42b40
semantic	research/data-lifetime/PROOF.bend	3	findings	40/40	2026-09-29T04-52-36.770Z-471ecde3-a5e7-4ccf-afed-2d6adfcec376
semantic	research/data-lifetime/model.bend	3	findings	124/124	2026-09-29T04-52-40.222Z-b86a5aef-1389-4b25-a6a1-df225c8724d4
semantic	research/data-lifetime/observe.bend	0	completed	14/14	2026-09-29T04-52-45.217Z-1be8ebdb-fd0b-42a8-9a26-c73b14642a7b
semantic	tests/compiler-fields-wasm/LAWS.bend	0	completed	10/10	2026-09-29T04-52-48.276Z-8e4eb277-2d46-4ea8-a823-f523ee7cd10c
semantic	tests/compiler-fields-wasm/PROOF.bend	3	findings	10/10	2026-09-29T04-52-52.022Z-385908ff-8da5-4a47-8744-c3c865d77636
semantic	tests/compiler-fields-wasm/compile.bend	0	completed	8/8	2026-09-29T04-52-54.881Z-37b629e6-c8a7-4d53-9d2e-fad9798aa158
semantic	tests/compiler-fields/bounds.bend	0	completed	8/8	2026-09-29T04-52-59.078Z-787faa13-c13e-480d-8d20-ecf94e011abb
semantic	tests/compiler-io-abi-2/read-bytes.bend	0	completed	24/24	2026-09-29T04-53-02.850Z-047174b5-ef04-45fc-9155-b3d34ccaac23
semantic	tests/compiler-io/host/empty-write.bend	0	completed	14/14	2026-09-29T04-53-05.931Z-288df259-20b5-43c8-b203-209b8a800859
semantic	research/data-lifetime/fixtures/list-tail.bend	0	completed	4/4	2026-09-29T04-53-45.029Z-746444db-e228-4130-9d32-15178c954493
semantic	research/data-lifetime/fixtures/owned-rebuild.bend	0	completed	4/4	2026-09-29T04-53-47.340Z-4c8a1736-019c-4456-8340-4db5cbf51f56
semantic	research/data-lifetime/fixtures/shared-open.bend	0	completed	4/4	2026-09-29T04-53-49.842Z-b035a457-bc75-4863-a711-2fccab37658e
semantic	research/data-lifetime/fixtures/tree-share.bend	0	completed	4/4	2026-09-29T04-53-52.534Z-4ab717ff-0a27-4920-8cd4-9a8f5b693270
semantic	tests/compiler-fields-wasm/fixtures/aliasing.bend	3	findings	6/6	2026-09-29T04-53-54.889Z-2d42a198-06e3-4762-a875-53cf685d5643
semantic	tests/compiler-fields-wasm/fixtures/arena-overflow.bend	0	completed	34/34	2026-09-29T04-53-57.428Z-065af98f-5e8c-4cc9-9eaa-14b8886282ab
semantic	tests/compiler-fields-wasm/fixtures/deep-call.bend	0	completed	502/502	2026-09-29T04-54-00.195Z-dd6d6b82-3ae2-4ae7-9842-d1168b2c8884
semantic	tests/compiler-fields-wasm/fixtures/deep-stack.bend	0	completed	322/322	2026-09-29T04-54-10.789Z-62376d80-b0e8-4df8-a432-3176ad14b65e
semantic	tests/compiler-fields-wasm/fixtures/erased.bend	0	completed	12/12	2026-09-29T04-54-20.823Z-63cb8871-2f6f-4f64-93a8-491b5086a4a9
semantic	tests/compiler-fields-wasm/fixtures/nested.bend	0	completed	8/8	2026-09-29T04-54-23.627Z-124efdc1-08ee-415b-8185-1497209cd76e
semantic	tests/compiler-fields-wasm/fixtures/pair.bend	0	completed	10/10	2026-09-29T04-54-26.061Z-769a66e7-5f0c-439c-b69d-5f4edfae140a
semantic	tests/compiler-fields-wasm/fixtures/peano.bend	0	completed	10/10	2026-09-29T04-54-28.519Z-f9209367-1b8e-4e30-b249-4b6dfb998ded
semantic	tests/perch-context/fixtures/signatures.bend	0	completed	22/22	2026-09-29T04-54-31.314Z-e2c30c39-904d-40a4-abaf-48dfe531748e
semantic	tools/census/fixtures/control.bend	0	completed	2/2	2026-09-29T04-54-34.448Z-a5576c1d-2e69-42be-9609-3c6d24052569
semantic	tools/census/fixtures/features.bend	3	findings	20/20	2026-09-29T04-54-36.853Z-c7d5b15a-3799-470e-8a77-7bfb6a2eed1b
semantic	tools/census/fixtures/lambda.bend	0	completed	4/4	2026-09-29T04-54-39.714Z-e1a92301-b422-49c0-b5d4-98f560f56258
semantic	tests/compiler-baseslice/fixtures/bind-missing-types.bend	0	completed	18/18	2026-09-29T04-58-31.868Z-4be71f7f-7077-4dd8-a342-5bd641c34aac
semantic	tests/compiler-baseslice/fixtures/bool-gates.bend	3	findings	16/16	2026-09-29T04-58-34.995Z-1d3c08cc-b80a-42d3-acfd-f99615493b12
semantic	tests/compiler-baseslice/fixtures/bool-pick-values.bend	0	completed	16/16	2026-09-29T04-58-38.735Z-017e4ac9-3a1a-4b64-ab81-763ecf8557d9
semantic	tests/compiler-baseslice/fixtures/char-as-u32.bend	3	findings	18/18	2026-09-29T04-58-42.433Z-56dfc430-c0e2-4776-bb87-13236d07785d
semantic	tests/compiler-baseslice/fixtures/char-cmp-rebuild.bend	0	completed	14/14	2026-09-29T04-58-45.988Z-e64fa602-b3cf-469f-919c-25b912e88e92
semantic	tests/compiler-baseslice/fixtures/char-lex-classes.bend	3	findings	18/18	2026-09-29T04-58-49.540Z-5ac29e19-8ff1-4da5-9b3b-7cbd28e81b08
semantic	tests/compiler-baseslice/fixtures/char-word-bounds.bend	0	completed	18/18	2026-09-29T04-58-51.812Z-825c77d8-7ef6-441d-9e52-91b24ee5b258
semantic	tests/compiler-baseslice/fixtures/cmp-string-reuse.bend	0	completed	16/16	2026-09-29T04-58-53.646Z-ad6b59e8-6558-4f73-b45e-2f5aae536fc1
semantic	tests/compiler-baseslice/fixtures/concat-list-quantity.bend	0	completed	16/16	2026-09-29T04-58-55.927Z-bc2c12b1-1929-42c7-a8b0-e003e059cd41
semantic	tests/compiler-baseslice/fixtures/io-args-helper.bend	0	completed	6/6	2026-09-29T04-58-58.079Z-77985939-d1d6-4d6f-b286-993513263511
semantic	tests/compiler-baseslice/fixtures/io-do-sequence.bend	3	findings	18/18	2026-09-29T04-58-59.923Z-a8721f10-7a4b-496d-a5fe-48986259402d
semantic	tests/compiler-baseslice/fixtures/io-file-read-helper.bend	3	findings	10/10	2026-09-29T04-59-01.360Z-917f7a67-a010-4ab2-bf65-e01bd9ce246a
semantic	tests/compiler-baseslice/fixtures/io-file-write-helper.bend	3	findings	10/10	2026-09-29T04-59-02.455Z-87153a87-08e2-4a79-824a-c7b0b82081fe
semantic	tests/compiler-baseslice/fixtures/io-print-helper.bend	3	findings	4/4	2026-09-29T04-59-03.569Z-7f6f05ec-6132-490d-beec-40360342fc4b
semantic	tests/compiler-baseslice/fixtures/io-pure-bind.bend	0	completed	18/18	2026-09-29T04-59-04.499Z-bc6a1375-bb92-4f31-8419-e2d11d33a423
semantic	tests/compiler-baseslice/fixtures/length-missing-quantity.bend	0	completed	14/14	2026-09-29T04-59-05.558Z-c53a6dda-f76e-4e84-a395-b9982d399494
semantic	tests/compiler-baseslice/fixtures/list-append-levels.bend	3	findings	14/14	2026-09-29T04-59-06.596Z-3a5d73b8-4d4a-4d83-b155-b0fec49c97d4
semantic	tests/compiler-baseslice/fixtures/list-length-arity.bend	0	completed	14/14	2026-09-29T04-59-07.677Z-90ec9ef4-ddc5-4292-9f41-b2c77b9db837
semantic	tests/compiler-baseslice/fixtures/list-quantity-instances.bend	0	completed	10/10	2026-09-29T04-59-08.826Z-6be5bb8a-9c45-4cb3-973a-209fc1d6e008
semantic	tests/compiler-baseslice/fixtures/list-reverse-tokens.bend	3	findings	14/14	2026-09-29T04-59-09.956Z-340f3826-589e-4e4b-8198-fc1bab9a7de6
semantic	tests/compiler-baseslice/fixtures/maybe-annotation.bend	0	completed	14/14	2026-09-29T04-59-11.187Z-fbbc0030-1f1a-4bd9-85fd-66df397e0ee2
semantic	tests/compiler-baseslice/fixtures/pick-missing-type.bend	0	completed	16/16	2026-09-29T04-59-12.521Z-c8383502-b6c3-411d-b85f-a61631a95829
semantic	tests/compiler-baseslice/fixtures/read-maybe-quantity.bend	0	completed	16/16	2026-09-29T04-59-14.077Z-02a65e36-dee3-4395-bfb7-b9ca3553bace
semantic	tests/compiler-baseslice/fixtures/reserved-affine.bend	3	findings	12/12	2026-09-29T04-59-15.179Z-c6e38a6b-939a-4042-b47d-09763ffdddea
semantic	tests/compiler-baseslice/fixtures/result-bind-chain.bend	0	completed	22/22	2026-09-29T04-59-16.354Z-1d90da8c-17c3-4aec-af1d-fdd6ddf7e5eb
semantic	tests/compiler-baseslice/fixtures/result-host-failure.bend	0	completed	12/12	2026-09-29T04-59-17.604Z-029cc890-e24c-414b-9a91-64adc7292c93
semantic	tests/compiler-baseslice/fixtures/reverse-quantity.bend	3	findings	14/14	2026-09-29T04-59-18.951Z-92b017a9-8825-47e1-8fb2-7b0a9e52a06f
semantic	tests/compiler-baseslice/fixtures/shrn-u32-count.bend	3	findings	18/18	2026-09-29T04-59-20.407Z-6b280ff5-25ff-475d-9500-5af62a106af9
semantic	tests/compiler-baseslice/fixtures/string-append-order.bend	0	completed	8/8	2026-09-29T04-59-22.117Z-9a4b1a9a-df3b-41f3-8e27-569976a7c559
semantic	tests/compiler-baseslice/fixtures/string-compare.bend	0	completed	16/16	2026-09-29T04-59-23.381Z-96ac8fd5-f9b3-49e5-80af-41297283c51e
semantic	tests/compiler-baseslice/fixtures/string-concat-diagnostic.bend	0	completed	16/16	2026-09-29T04-59-24.567Z-7d5f9042-8b0f-4c2e-b4d6-4279f948c4bc
semantic	tests/compiler-baseslice/fixtures/string-reserved.bend	3	findings	12/12	2026-09-29T04-59-25.535Z-a6d5894f-d7fa-4e16-a9d2-42cd04a6a46c
semantic	tests/compiler-baseslice/fixtures/string-reverse-word.bend	3	findings	16/16	2026-09-29T04-59-26.545Z-36b10fd8-60ea-42b1-b93c-de3d11e3d7db
semantic	tests/compiler-baseslice/fixtures/string-starts-with.bend	0	completed	12/12	2026-09-29T04-59-27.858Z-f1a6f8da-5b08-4c80-bbfc-9e2e74213716
semantic	tests/compiler-baseslice/fixtures/u32-index-walk.bend	0	completed	20/20	2026-09-29T04-59-28.983Z-e124943c-b3b3-4b6e-8a09-fe72ee84e15c
semantic	tests/compiler-baseslice/fixtures/u32-leb128.bend	3	findings	18/18	2026-09-29T04-59-30.152Z-c9e3e9cb-614a-447b-b073-405a12fa8883
semantic	tests/compiler-baseslice/fixtures/u32-nat-bridge.bend	3	findings	14/14	2026-09-29T04-59-31.272Z-dcf68414-9861-425b-ba60-2f3584ffc069
semantic	tests/compiler-baseslice/fixtures/u32-natural-budget.bend	0	completed	16/16	2026-09-29T04-59-32.604Z-54b24a8f-92ef-4b2d-8135-4aee409cf5c4
semantic	tests/compiler-baseslice/fixtures/u32-read-edges.bend	0	completed	10/10	2026-09-29T04-59-33.660Z-c3ba289e-433b-4c8f-8217-a726d5830ea5
semantic	tests/compiler-baseslice/fixtures/u32-show-digits.bend	3	findings	12/12	2026-09-29T04-59-34.710Z-5dd681e0-6719-4ce3-931a-49a16519dab9
semantic	tests/compiler-closures/fixtures/apply-non-function.bend	3	findings	4/4	2026-09-29T04-59-35.964Z-3e9a99ad-ada8-41d3-88c8-ac1a09ea0aa6
semantic	tests/compiler-closures/fixtures/bind-continuation.bend	0	completed	14/14	2026-09-29T04-59-37.102Z-69232466-17a8-4658-b96d-77123395b40a
semantic	tests/compiler-closures/fixtures/capture-affine-twice.bend	3	findings	6/6	2026-09-29T04-59-38.804Z-f7da8d28-c3ed-4a6b-b45c-6d9af09da24b
semantic	tests/compiler-closures/fixtures/capture-field-twice.bend	0	completed	12/12	2026-09-29T04-59-40.040Z-402fee96-dbf6-4247-b0ff-e2c35977832f
semantic	tests/compiler-closures/fixtures/capture-then-use.bend	0	completed	6/6	2026-09-29T04-59-41.240Z-65c995c1-890c-4076-b911-c934f6f626ca
semantic	tests/compiler-closures/fixtures/choose-promoted.bend	0	completed	12/12	2026-09-29T04-59-42.834Z-b3d16788-16ab-4b56-892f-08be40fc7e9c
semantic	tests/compiler-closures/fixtures/choose-thunks.bend	0	completed	16/16	2026-09-29T04-59-44.477Z-17056611-d2c4-475e-b3ce-0ea97fdc1e19
semantic	tests/compiler-closures/fixtures/closure-call-twice.bend	0	completed	6/6	2026-09-29T04-59-46.593Z-b317c598-62b5-40da-9de8-8a28e49882e0
semantic	tests/compiler-closures/fixtures/closure-domain-mismatch.bend	3	findings	6/6	2026-09-29T04-59-49.131Z-fa947df6-b51f-43ab-a50d-26c48731b302
semantic	tests/compiler-closures/fixtures/closure-drop.bend	3	findings	16/16	2026-09-29T04-59-51.817Z-b80bc60e-89c1-4afc-aaf6-aa4eab022bd6
semantic	tests/compiler-closures/fixtures/closure-field.bend	0	completed	14/14	2026-09-29T04-59-54.335Z-927cc249-37c1-40f7-b2c7-3268aee44645
semantic	tests/compiler-closures/fixtures/closure-in-arm.bend	3	findings	16/16	2026-09-29T04-59-57.197Z-809cc302-331c-49d9-b9ce-e584606f65e0
semantic	tests/compiler-closures/fixtures/closure-list.bend	0	completed	12/12	2026-09-29T04-59-59.818Z-869f503f-f68c-44b9-80c6-e6771d10e78a
semantic	tests/compiler-closures/fixtures/closure-over-applied.bend	0	completed	4/4	2026-09-29T05-00-02.542Z-711f5b08-930d-45eb-8d04-07ee8d23912f
semantic	tests/compiler-closures/fixtures/closure-twice-data.bend	0	completed	8/8	2026-09-29T05-00-05.272Z-c9a6c99d-3e31-4de5-acae-24db52c65704
semantic	tests/compiler-closures/fixtures/compose.bend	0	completed	12/12	2026-09-29T05-00-07.784Z-d9287089-9186-48c5-8a28-e0fd1294dc69
semantic	tests/compiler-closures/fixtures/cps-fold.bend	0	completed	16/16	2026-09-29T05-00-10.294Z-237a7d02-9252-43a0-960b-2d7c5d396b8c
semantic	tests/compiler-closures/fixtures/curried-arities.bend	3	findings	12/12	2026-09-29T05-00-13.020Z-7dfb3824-3d13-4ad0-91a2-cd8e1c912a01
semantic	tests/compiler-closures/fixtures/curried-continuation.bend	3	findings	14/14	2026-09-29T05-00-15.826Z-015badd1-c819-4274-b843-6c6504aaf517
semantic	tests/compiler-closures/fixtures/defunc-sites.bend	0	completed	14/14	2026-09-29T05-00-18.684Z-e1a18b0f-3ac0-4fc2-8afd-ac4272b33d9b
semantic	tests/compiler-closures/fixtures/dependent-arrow.bend	0	completed	6/6	2026-09-29T05-00-21.512Z-a9454318-5454-44d5-a3b5-deb60c514f54
semantic	tests/compiler-closures/fixtures/do-block.bend	0	completed	14/14	2026-09-29T05-00-24.098Z-d23b39cb-6d27-4a2b-982d-53d24d2b659c
semantic	tests/compiler-closures/fixtures/erased-capture-live.bend	3	findings	4/4	2026-09-29T05-00-27.226Z-1ede647f-0913-405d-8034-7523aa5b8e71
semantic	tests/compiler-closures/fixtures/erased-closure-arg.bend	0	completed	12/12	2026-09-29T05-00-30.255Z-14cfaed6-b1cd-4bac-be1f-0d334a039489
semantic	tests/compiler-closures/fixtures/function-field-data.bend	0	completed	6/6	2026-09-29T05-00-31.604Z-d4a08712-cb03-48ee-8632-1a3455edfc0b
semantic	tests/compiler-closures/fixtures/generic-choose-bind.bend	0	completed	22/22	2026-09-29T05-00-32.748Z-309a661a-1cdf-47ea-b504-f15c838995d5
semantic	tests/compiler-closures/fixtures/lambda-apply.bend	3	findings	10/10	2026-09-29T05-00-34.112Z-17da8581-d87b-4ba9-a034-fcb956c2ea10
semantic	tests/compiler-closures/fixtures/lambda-forward-call.bend	0	completed	8/8	2026-09-29T05-00-35.847Z-a51b4b43-4db4-43e3-a361-a4d0b46595d1
semantic	tests/compiler-closures/fixtures/lambda-match.bend	0	completed	6/6	2026-09-29T05-00-37.644Z-3aaa8ee6-edac-4ef0-a26d-fc2db03ad98e
semantic	tests/compiler-closures/fixtures/lambda-matches-binder.bend	1	failed	0/0	2026-09-29T05-00-39.434Z-54436675-af22-41e3-8ce1-cab8b8cb9e63
semantic	tests/compiler-closures/fixtures/lambda-matches-capture.bend	1	failed	0/0	2026-09-29T05-00-41.638Z-c2ad6818-f0ef-4fde-8252-6ad2570b4985
semantic	tests/compiler-closures/fixtures/lambda-reusable-binder.bend	0	completed	18/18	2026-09-29T05-00-43.463Z-834de597-fd75-448d-b4a8-ef649c54a226
semantic	tests/compiler-closures/fixtures/map-reuses-function.bend	0	completed	8/8	2026-09-29T05-00-46.433Z-2a9c93bc-511e-48ee-b95a-3434b2600c8e
semantic	tests/compiler-closures/fixtures/nested-capture.bend	0	completed	20/20	2026-09-29T05-00-48.933Z-b6b7cf20-beef-4134-8579-4f372e3553d4
semantic	tests/compiler-closures/fixtures/partial-application.bend	3	findings	22/22	2026-09-29T05-00-51.789Z-eb79d072-fd37-4076-b9a9-cd279398c232
semantic	tests/compiler-closures/fixtures/partial-self-call.bend	0	completed	12/12	2026-09-29T05-00-54.453Z-43c2fdd1-bf0e-487d-aac7-3798030dc3fc
semantic	tests/compiler-closures/fixtures/partial-self-same.bend	3	findings	10/10	2026-09-29T05-00-56.926Z-660cee3e-742d-4ed4-be3f-ea452fbd608f
semantic	tests/compiler-closures/fixtures/return-closure.bend	0	completed	12/12	2026-09-29T05-00-59.251Z-ebaadc19-3103-498e-b1cc-36110cf5b814
semantic	tests/compiler-closures/fixtures/reusable-closure-binder.bend	0	completed	6/6	2026-09-29T05-01-01.964Z-08df748a-6c4d-4baf-ae50-051b0b28a071
semantic	tests/compiler-closures/fixtures/reusable-function-param.bend	0	completed	6/6	2026-09-29T05-01-04.285Z-dd01ac43-1a74-42db-b254-70ef9482264c
semantic	tests/compiler-closures/fixtures/template-map.bend	0	completed	12/12	2026-09-29T05-01-06.628Z-7a258568-6b43-461c-886f-629f2842b3d6
semantic	tests/compiler-closures/fixtures/unannotated-let-lambda.bend	0	completed	6/6	2026-09-29T05-01-09.231Z-4642940c-a783-4e6d-810b-9dd0ea369230
semantic	tests/compiler-generics/fixtures/affine-dup-data.bend	0	completed	4/4	2026-09-29T05-01-11.544Z-b5cfd806-4375-4dd5-bc47-72f05d0028f7
semantic	tests/compiler-generics/fixtures/affine-dup-type.bend	0	completed	4/4	2026-09-29T05-01-13.745Z-f5c1f9c6-259e-4794-8eb3-20b0837e6400
semantic	tests/compiler-generics/fixtures/alias-misuse.bend	3	findings	6/6	2026-09-29T05-01-15.573Z-8208f3c0-6811-43cf-9f79-924e571041f2
semantic	tests/compiler-generics/fixtures/alias-type.bend	0	completed	8/8	2026-09-29T05-01-17.224Z-b8b65fcb-f43d-4de8-9737-16f98917c0b1
semantic	tests/compiler-generics/fixtures/box-instances.bend	0	completed	10/10	2026-09-29T05-01-19.135Z-5d26d465-aab2-4ddc-9032-d5080f8bac05
semantic	tests/compiler-generics/fixtures/box-unbox.bend	0	completed	6/6	2026-09-29T05-01-21.126Z-8dead860-c4d9-4306-8da6-16a062f17158
semantic	tests/compiler-generics/fixtures/closure-apply.bend	0	completed	8/8	2026-09-29T05-01-22.911Z-e9554846-a4b1-4ed8-9810-ad23bd32316e
semantic	tests/compiler-generics/fixtures/data-cell.bend	0	completed	10/10	2026-09-29T05-01-24.762Z-d90269a5-ba27-47e6-9488-f7a1e7efd47f
semantic	tests/compiler-generics/fixtures/data-holds-type.bend	0	completed	2/2	2026-09-29T05-01-26.570Z-27d0284e-f8f1-4155-bdc5-95f5e1790592
semantic	tests/compiler-generics/fixtures/erased-interleaved.bend	0	completed	10/10	2026-09-29T05-01-28.167Z-3991b3ef-f459-4cd6-813c-a9b5d06db268
semantic	tests/compiler-generics/fixtures/erased-scrutinee.bend	0	completed	4/4	2026-09-29T05-01-29.937Z-dbf040b3-4de7-4335-a9c9-59674de4af24
semantic	tests/compiler-generics/fixtures/erased-type-live.bend	0	completed	6/6	2026-09-29T05-01-31.738Z-878eafdd-70b4-481f-adc6-ecd3b6868876
semantic	tests/compiler-generics/fixtures/erased-value-arg.bend	0	completed	8/8	2026-09-29T05-01-33.449Z-21c6affc-1686-4c61-ae97-9a60bf687d2e
semantic	tests/compiler-generics/fixtures/erased-value-live.bend	3	findings	4/4	2026-09-29T05-01-35.549Z-b2e7d76f-8028-4cea-8bdf-e7611c502ef6
semantic	tests/compiler-generics/fixtures/forward-generic-types.bend	0	completed	8/8	2026-09-29T05-01-37.511Z-434dffe6-adec-41bc-9ae6-84d49a8be9ff
semantic	tests/compiler-generics/fixtures/forward-short-form.bend	0	completed	4/4	2026-09-29T05-01-39.576Z-e0aeb124-19b2-4623-8383-3c79a6f2098a
semantic	tests/compiler-generics/fixtures/generic-let.bend	0	completed	6/6	2026-09-29T05-01-41.881Z-981a7392-648a-4217-9235-7d022779823b
semantic	tests/compiler-generics/fixtures/ghost-bad.bend	3	findings	4/4	2026-09-29T05-01-44.073Z-92d6abee-414a-45c5-ada8-03e3030d86f9
semantic	tests/compiler-generics/fixtures/kind-type-for-data.bend	0	completed	6/6	2026-09-29T05-01-46.472Z-80f15360-4dcd-47e0-be6e-e49de6e3df1a
semantic	tests/compiler-generics/fixtures/match-erased-type.bend	3	findings	6/6	2026-09-29T05-01-48.670Z-271b3913-5e32-47f0-8b35-e1d48f1d50a3
semantic	tests/compiler-generics/fixtures/meet-not-reusable.bend	0	completed	6/6	2026-09-29T05-01-50.689Z-5ae02843-d4cb-414f-965c-778cb7852071
semantic	tests/compiler-generics/fixtures/opt-default.bend	0	completed	8/8	2026-09-29T05-01-52.857Z-d3a52ee0-8582-4903-8078-13bdaf30470b
semantic	tests/compiler-generics/fixtures/pair-swap.bend	0	completed	10/10	2026-09-29T05-01-54.854Z-1d64952e-60c7-4cf3-8229-8c89f625f84f
semantic	tests/compiler-generics/fixtures/phantom-mismatch.bend	0	completed	8/8	2026-09-29T05-01-56.955Z-9c071223-e27f-48a7-a89f-936f4d5cd6e1
semantic	tests/compiler-generics/fixtures/phantom-type.bend	0	completed	8/8	2026-09-29T05-01-58.960Z-46fb163c-7867-46df-bd73-6ed1029860ae
semantic	tests/compiler-generics/fixtures/quantity-data-fits-type.bend	0	completed	6/6	2026-09-29T05-02-01.130Z-f82ba22c-01c8-4259-8a88-ee6f15d2db9b
semantic	tests/compiler-generics/fixtures/quantity-invariant.bend	0	completed	8/8	2026-09-29T05-02-03.246Z-17834f80-03df-44c6-a195-e38a9c3679b2
semantic	tests/compiler-generics/fixtures/quantity-meet.bend	0	completed	12/12	2026-09-29T05-02-05.658Z-54f79734-c6a3-4798-a1ac-a0a7b534f1a4
semantic	tests/compiler-generics/fixtures/quantity-parity.bend	0	completed	14/14	2026-09-29T05-02-08.445Z-89d825af-b5e7-4b69-bbc6-7ad83f35bf48
semantic	tests/compiler-generics/fixtures/quantity-short-form.bend	0	completed	12/12	2026-09-29T05-02-11.986Z-9f128716-a274-4070-8306-bfcfa69bca20
semantic	tests/compiler-generics/fixtures/quantity-zero.bend	0	completed	6/6	2026-09-29T05-02-14.392Z-f0309b8d-691a-4ec3-bd22-2bd23f4e7d53
semantic	tests/compiler-generics/fixtures/reusable-generic.bend	0	completed	8/8	2026-09-29T05-02-16.578Z-9f8b24fc-6bf2-4d27-8a7e-3153e00a600b
semantic	tests/compiler-generics/fixtures/reusable-kind-var.bend	0	completed	4/4	2026-09-29T05-02-18.725Z-6bf62f44-37da-49dc-af3e-b0fd5ad34bea
semantic	tests/compiler-generics/fixtures/reusable-type-param.bend	0	completed	4/4	2026-09-29T05-02-20.906Z-1acf223d-e43b-4084-bb6d-4f3b945ec268
semantic	tests/compiler-generics/fixtures/rigid-mismatch.bend	3	findings	4/4	2026-09-29T05-02-23.105Z-24a8110d-3273-4742-bbc4-cb05e1b129c8
semantic	tests/compiler-generics/fixtures/seq-parity.bend	0	completed	10/10	2026-09-29T05-02-25.436Z-76e285a8-3466-449e-8cbe-48baf9be602b
semantic	tests/compiler-generics/fixtures/shadow-type-name.bend	0	completed	6/6	2026-09-29T05-02-27.207Z-f6ac12c8-c065-4a42-a890-7e2d46079d28
semantic	tests/compiler-generics/fixtures/template-twice.bend	0	completed	8/8	2026-09-29T05-02-28.972Z-c391ae9b-6719-42d8-9d62-057c0b669dea
semantic	tests/compiler-generics/fixtures/type-arity.bend	0	completed	6/6	2026-09-29T05-02-31.123Z-3ceb17b0-19a8-4049-9115-045024969c54
semantic	tests/compiler-generics/fixtures/wrong-type-arg.bend	3	findings	4/4	2026-09-29T05-02-32.738Z-bdc391b1-5362-4d3e-a87e-99da524b2410
semantic	tests/compiler-io/fixtures/args-echo.bend	0	completed	6/6	2026-09-29T05-02-34.663Z-e2f60c61-5713-4da6-a305-c65549e9179a
semantic	tests/compiler-io/fixtures/bind-deep.bend	0	completed	8/8	2026-09-29T05-02-36.726Z-a12988a3-6772-49be-b1e8-ae66397d17b1
semantic	tests/compiler-io/fixtures/bind-lazy.bend	3	findings	6/6	2026-09-29T05-02-38.661Z-206763c2-12af-478c-9016-6b78b258666d
semantic	tests/compiler-io/fixtures/bind-non-io-continuation.bend	3	findings	2/2	2026-09-29T05-02-40.835Z-e9b7ef54-dcac-4ae2-b39a-e72859e1c435
semantic	tests/compiler-io/fixtures/bind-order.bend	0	completed	12/12	2026-09-29T05-02-43.190Z-9535d311-509c-4762-9dd9-34e6de271e7e
semantic	tests/compiler-io/fixtures/die-after-write.bend	0	completed	12/12	2026-09-29T05-02-45.479Z-5f1491e9-14d0-49ff-8851-6c56cffbe5b8
semantic	tests/compiler-io/fixtures/die-codes.bend	0	completed	6/6	2026-09-29T05-02-48.062Z-fb45f284-7072-47f7-8e92-8fe3706ffb83
semantic	tests/compiler-io/fixtures/die-messages.bend	0	completed	4/4	2026-09-29T05-02-50.579Z-812e7201-8721-467e-ae71-2678519b8b49
semantic	tests/compiler-io/fixtures/die-nat-code.bend	0	completed	2/2	2026-09-29T05-02-52.991Z-de740fd9-8ba6-4632-8ce2-d6c0d571180b
semantic	tests/compiler-io/fixtures/die-stops-effects.bend	0	completed	2/2	2026-09-29T05-02-54.894Z-fda84469-ae4c-4bc4-b1a7-6937249ae3eb
semantic	tests/compiler-io/fixtures/do-bind-arrow.bend	0	completed	2/2	2026-09-29T05-02-56.751Z-df3c32ad-9019-4c4d-b993-863dbcc491c3
semantic	tests/compiler-io/fixtures/do-bind-type-mismatch.bend	3	findings	2/2	2026-09-29T05-02-58.876Z-042add5a-f23e-4f2b-b1de-84b8be820727
semantic	tests/compiler-io/fixtures/effect-file-write.bend	0	completed	6/6	2026-09-29T05-03-00.780Z-57ba469f-7466-45cc-acc5-d10e7725faed
semantic	tests/compiler-io/fixtures/effect-get-env.bend	0	completed	4/4	2026-09-29T05-03-03.123Z-c3444af2-a15b-4944-9843-03beaface314
semantic	tests/compiler-io/fixtures/effect-print-err.bend	3	findings	2/2	2026-09-29T05-03-05.242Z-3019c96f-ab0a-4e16-bcc9-c2d389772ae5
semantic	tests/compiler-io/fixtures/effect-write.bend	0	completed	2/2	2026-09-29T05-03-07.424Z-f0a92df2-b42e-4a28-9bf5-28a952b61a98
semantic	tests/compiler-io/fixtures/forge-file.bend	0	completed	2/2	2026-09-29T05-03-09.272Z-2cef6fd6-ed33-47ab-a90c-618042919936
semantic	tests/compiler-io/fixtures/handle-dropped.bend	3	findings	8/8	2026-09-29T05-03-11.427Z-fab7e0ee-0735-419c-bfc6-655f442ffa9f
semantic	tests/compiler-io/fixtures/main-value.bend	0	completed	2/2	2026-09-29T05-03-13.261Z-3dd9f0c2-0fd4-4b69-bbec-24ecd0be9ea6
semantic	tests/compiler-io/fixtures/mini-driver.bend	3	findings	20/20	2026-09-29T05-03-15.290Z-5f1c123b-023c-4f0d-93e6-283d77ebbb78
semantic	tests/compiler-io/fixtures/open-modes.bend	0	completed	14/14	2026-09-29T05-03-17.287Z-171ea21d-9a1f-4348-9764-b073898926f0
semantic	tests/compiler-io/fixtures/open-nul-path.bend	0	completed	6/6	2026-09-29T05-03-19.486Z-2bf17d48-3a68-4b3b-b35b-c9cb40093b9f
semantic	tests/compiler-io/fixtures/print-large.bend	0	completed	2/2	2026-09-29T05-03-21.327Z-f9f1ddbd-c170-4055-ae75-0274808cf208
semantic	tests/compiler-io/fixtures/print-lines.bend	0	completed	2/2	2026-09-29T05-03-22.920Z-a0292e44-7cc4-4097-bc67-038b68c29bce
semantic	tests/compiler-io/fixtures/print-many.bend	0	completed	4/4	2026-09-29T05-03-24.693Z-98b1afb5-1721-4f13-8c6c-565ffc98371c
semantic	tests/compiler-io/fixtures/print-non-string.bend	3	findings	2/2	2026-09-29T05-03-26.439Z-9f3cb785-d412-4f3b-8492-24e2ab3945f0
semantic	tests/compiler-io/fixtures/read-decode.bend	3	findings	16/16	2026-09-29T05-03-28.197Z-d5cc7006-462c-4442-bc8a-d226f465d651
semantic	tests/compiler-io/fixtures/read-limit.bend	3	findings	18/18	2026-09-29T05-03-30.125Z-ab9af3f6-6743-431a-a5a9-734a6a9e9f88
semantic	tests/compiler-io/fixtures/read-result-without-handle.bend	0	completed	6/6	2026-09-29T05-03-31.914Z-399425af-a016-4d6c-b1d4-eab2c66ba877
semantic	tests/compiler-io/fixtures/read-text.bend	3	findings	12/12	2026-09-29T05-03-33.660Z-851e0dd5-94b3-4668-998b-1c65c1e4b9bc
semantic	tests/compiler-io/fixtures/result-bind.bend	0	completed	18/18	2026-09-29T05-03-35.385Z-906c583c-1993-444e-8336-05e7e59790f2
semantic	tests/compiler-io/fixtures/result-missing-fail.bend	3	findings	4/4	2026-09-29T05-03-37.181Z-d181f79b-b1ae-4ce9-8caf-c2ef9f7f7270
semantic	tests/compiler-io/fixtures/result-try.bend	3	findings	8/8	2026-09-29T05-03-39.051Z-e19a3bc5-2663-4b13-b44b-7e3da57831ed
semantic	tests/compiler-io/fixtures/reuse-file.bend	0	completed	6/6	2026-09-29T05-03-41.141Z-9fefcd44-bd78-495f-9eb2-b0d1bf140876
semantic	tests/compiler-io/fixtures/reuse-io.bend	0	completed	4/4	2026-09-29T05-03-42.749Z-d5675551-be15-428e-ae3b-47b1f70d4f73
semantic	tests/compiler-io/fixtures/write-bytes-affine-list.bend	0	completed	4/4	2026-09-29T05-03-44.325Z-67388c5d-d213-4255-963d-ce6b9e6dc59c
semantic	tests/compiler-io/fixtures/write-bytes-string.bend	3	findings	4/4	2026-09-29T05-03-45.864Z-9d3aeb22-0ae9-43c4-b351-fdd462b619a5
semantic	tests/compiler-io/fixtures/write-bytes.bend	3	findings	16/16	2026-09-29T05-03-47.542Z-dbf9acde-f0de-43cc-8008-574abdb8b641
semantic	tests/compiler-io/fixtures/write-read-back.bend	3	findings	16/16	2026-09-29T05-03-49.553Z-994652a5-0d79-4b0a-9374-9e8ea0760bca
semantic	tests/compiler-io/fixtures/write-values.bend	3	findings	16/16	2026-09-29T05-03-51.985Z-0975daef-3fd3-49e2-bd70-f790b4ae8121
semantic	tests/compiler-literals/fixtures/char-bad-escape.bend	1	failed	0/0	2026-09-29T05-03-54.164Z-3ccdb93d-9cb2-40b9-a2b5-4c40ec67a927
semantic	tests/compiler-literals/fixtures/char-empty.bend	1	failed	0/0	2026-09-29T05-03-55.490Z-a1d530d5-c7c3-4d67-8ba6-4b17baa3453f
semantic	tests/compiler-literals/fixtures/char-escapes.bend	0	completed	12/12	2026-09-29T05-03-56.709Z-39654c2c-be20-4618-8f68-44ebd9f44d77
semantic	tests/compiler-literals/fixtures/char-lexer-traps.bend	0	completed	12/12	2026-09-29T05-03-58.582Z-c20ddae0-943c-4ddb-970a-236b3cf6d0da
semantic	tests/compiler-literals/fixtures/char-pattern.bend	0	completed	8/8	2026-09-29T05-03-59.815Z-c6fdb986-bb07-4e4e-a340-544a46890f51
semantic	tests/compiler-literals/fixtures/char-unicode-escape-width.bend	1	failed	0/0	2026-09-29T05-04-01.193Z-8eb69dff-0974-4df0-9546-2d8b9f7586e9
semantic	tests/compiler-literals/fixtures/char-unicode-escapes.bend	0	completed	12/12	2026-09-29T05-04-02.079Z-77580ae4-2e2a-414d-85d2-a671cb6e7ae5
semantic	tests/compiler-literals/fixtures/conversions.bend	0	completed	6/6	2026-09-29T05-04-03.521Z-6b5b3626-0649-496b-907b-3e67ed00c61d
semantic	tests/compiler-literals/fixtures/f32-literal.bend	3	findings	4/4	2026-09-29T05-04-05.062Z-83cb79e3-d845-4ffd-9540-7ee07bf15394
semantic	tests/compiler-literals/fixtures/literal-views.bend	3	findings	6/6	2026-09-29T05-04-06.574Z-08211ee5-8432-4b1f-83f1-d4f7892bfef5
semantic	tests/compiler-literals/fixtures/literal-without-base.bend	3	findings	2/2	2026-09-29T05-04-08.238Z-f2107d11-cfd7-4b1e-a468-83eb13eca4e1
semantic	tests/compiler-literals/fixtures/nat-arithmetic.bend	0	completed	8/8	2026-09-29T05-04-09.300Z-9fcb33d7-d9b7-422f-b32d-5b8f77c522d9
semantic	tests/compiler-literals/fixtures/nat-literal-overflow.bend	1	failed	0/0	2026-09-29T05-04-10.641Z-0c02eee3-d00a-498e-a020-551a29bb583c
semantic	tests/compiler-literals/fixtures/nat-literals.bend	0	completed	14/14	2026-09-29T05-04-11.249Z-7130f704-17bd-4b68-8a0a-3ea911a0e8c9
semantic	tests/compiler-literals/fixtures/nat-pattern-offset-limit.bend	1	failed	0/0	2026-09-29T05-04-12.565Z-a6bf30cb-36d0-40bf-b5db-01e027faf6f6
semantic	tests/compiler-literals/fixtures/nat-pattern-offset.bend	0	completed	12/12	2026-09-29T05-04-13.384Z-aef48922-7cb0-46b8-8af6-97cdd0192183
semantic	tests/compiler-literals/fixtures/nat-recursion.bend	0	completed	12/12	2026-09-29T05-04-14.562Z-76b061b5-a229-48f8-91b8-45f72ea16f2d
semantic	tests/compiler-literals/fixtures/nat-u32-mismatch.bend	0	completed	4/4	2026-09-29T05-04-16.005Z-7bad5e81-035f-49a8-90dd-70f7fe0cdd64
semantic	tests/compiler-literals/fixtures/string-append.bend	0	completed	8/8	2026-09-29T05-04-17.109Z-1462a0ec-cf0c-45be-9a10-64f6dc7ee765
semantic	tests/compiler-literals/fixtures/string-concat-operator.bend	0	completed	4/4	2026-09-29T05-04-18.285Z-c257e90d-e96e-4eb4-97a1-079a94424adc
semantic	tests/compiler-literals/fixtures/string-equality.bend	0	completed	8/8	2026-09-29T05-04-19.408Z-b34a6a4b-89d7-4f0c-8c1e-36829cdd343a
semantic	tests/compiler-literals/fixtures/string-escapes.bend	0	completed	6/6	2026-09-29T05-04-20.658Z-bac785e9-c5a8-4ddb-9681-631e4fba87b3
semantic	tests/compiler-literals/fixtures/string-lexer-traps.bend	0	completed	6/6	2026-09-29T05-04-22.073Z-35898b02-890d-44da-99bd-da458e8aa4d4
semantic	tests/compiler-literals/fixtures/string-nul.bend	0	completed	6/6	2026-09-29T05-04-24.057Z-356c2cd7-ff90-4d78-b501-d69a816db108
semantic	tests/compiler-literals/fixtures/string-pattern.bend	0	completed	8/8	2026-09-29T05-04-25.638Z-7fd9477e-17dc-4857-b798-f364fbab3a8b
semantic	tests/compiler-literals/fixtures/string-raw-non-ascii.bend	3	findings	4/4	2026-09-29T05-04-27.486Z-c5683380-a416-41a1-b27a-bfe82b16e2c6
semantic	tests/compiler-literals/fixtures/string-unclosed.bend	1	failed	0/0	2026-09-29T05-04-29.134Z-9293a96d-1e40-46d1-8c24-e1b425739003
semantic	tests/compiler-literals/fixtures/string-unicode.bend	0	completed	6/6	2026-09-29T05-04-29.906Z-a33b997c-71c6-4e7a-bb23-f9ed9d6ba9ec
semantic	tests/compiler-literals/fixtures/u32-division.bend	0	completed	12/12	2026-09-29T05-04-31.597Z-328afc7a-1a25-4ec7-816b-2908d91ca5d3
semantic	tests/compiler-literals/fixtures/u32-hex.bend	1	failed	0/0	2026-09-29T05-04-32.722Z-d01b775d-3384-47d6-869a-7978a9a0f06b
semantic	tests/compiler-literals/fixtures/u32-literal-overflow.bend	1	failed	0/0	2026-09-29T05-04-33.276Z-e83a6d98-9867-4e04-85ef-1adb63a2a34f
semantic	tests/compiler-literals/fixtures/u32-literals.bend	0	completed	10/10	2026-09-29T05-04-33.778Z-47ef7ea5-b351-4654-98c2-75c81fcbf0b2
semantic	tests/compiler-literals/fixtures/u32-operator-unannotated.bend	1	failed	0/0	2026-09-29T05-04-34.997Z-a92295fa-d3b8-40c5-97e1-10d4aaa7e088
semantic	tests/compiler-literals/fixtures/u32-operators.bend	0	completed	6/6	2026-09-29T05-04-35.548Z-f1221e09-3f3e-43e8-b393-3b4e396ea7cf
semantic	tests/compiler-literals/fixtures/u32-pattern-first-match.bend	3	findings	12/12	2026-09-29T05-04-36.676Z-c9e3a326-0325-4ed3-a8b6-109d3a696359
semantic	tests/compiler-literals/fixtures/u32-pattern-missing-default.bend	0	completed	4/4	2026-09-29T05-04-37.786Z-8849ad49-f305-412d-b1b4-ab5762ce1bdf
semantic	tests/compiler-literals/fixtures/u32-pattern.bend	0	completed	10/10	2026-09-29T05-04-38.916Z-38e9984f-f4ba-420c-a230-99e8fea9138d
semantic	tests/compiler-literals/fixtures/u32-shifts.bend	0	completed	12/12	2026-09-29T05-04-40.004Z-26971c56-d1da-48df-8a2a-3e1113f66663
semantic	tests/compiler-literals/fixtures/u32-unsigned-order.bend	0	completed	20/20	2026-09-29T05-04-41.060Z-bf51cd23-6dfc-45a0-b700-9c8ed2c03b10
semantic	tests/compiler-literals/fixtures/u32-wraparound.bend	0	completed	12/12	2026-09-29T05-04-42.182Z-8dbe5eb7-6d17-4714-aaca-368eaed5a74b
semantic	tests/compiler-poly/fixtures/bind-arrow-instance.bend	3	findings	24/24	2026-09-29T05-04-43.278Z-b9598d6c-a4d3-4ace-8574-1433f87b07cb
semantic	tests/compiler-poly/fixtures/bind-instance-chain.bend	0	completed	20/20	2026-09-29T05-04-44.527Z-41d9c9e9-d726-4a98-82ec-18c1e0568d07
semantic	tests/compiler-poly/fixtures/bind-promoted-instance.bend	0	completed	32/32	2026-09-29T05-04-45.626Z-a9631f90-02c5-4b8d-87e9-899b9888f0f2
semantic	tests/compiler-poly/fixtures/bind-rigid-caller.bend	0	completed	22/22	2026-09-29T05-04-46.807Z-8bfb083c-f70a-427a-92d5-b5029425e14d
semantic	tests/compiler-poly/fixtures/choose-branch-mismatch.bend	3	findings	24/24	2026-09-29T05-04-47.917Z-5c334de8-97fc-4f2b-89a0-f21b976f71a0
semantic	tests/compiler-poly/fixtures/choose-result-chain.bend	3	findings	24/24	2026-09-29T05-04-49.957Z-7331a71b-3aa8-476f-885b-d34134790a11
semantic	tests/compiler-poly/fixtures/choose-rigid.bend	0	completed	20/20	2026-09-29T05-04-51.840Z-b58f8232-53a8-4c21-a3f2-154e67301356
semantic	tests/compiler-poly/fixtures/curried-generic-continuation.bend	0	completed	32/32	2026-09-29T05-04-52.937Z-7658f168-2000-4937-83a9-0341545cb068
semantic	tests/compiler-poly/fixtures/generic-arrow-instances.bend	0	completed	14/14	2026-09-29T05-04-54.036Z-591851f8-01f0-4a0a-8c35-2346eba25ae5
semantic	tests/compiler-poly/fixtures/generic-capture.bend	0	completed	16/16	2026-09-29T05-04-55.022Z-ed7e9c33-d68e-4938-9cee-22d8d668e062
semantic	tests/compiler-poly/fixtures/generic-compose.bend	0	completed	20/20	2026-09-29T05-04-56.047Z-4e1ec18e-bf44-4075-8967-f1312db6b832
semantic	tests/compiler-poly/fixtures/kind-closure-at-data.bend	0	completed	22/22	2026-09-29T05-04-57.205Z-15156ea0-4f7b-49ed-96ff-f22ebb8ec0b6
semantic	tests/compiler-poly/fixtures/kind-closure-list.bend	0	completed	22/22	2026-09-29T05-04-58.260Z-0c5f00c4-daba-4b1c-81d8-d06b168834f6
semantic	tests/compiler-poly/fixtures/kind-closure-reuse.bend	0	completed	22/22	2026-09-29T05-04-59.377Z-5c79bb3c-2a40-4760-8488-4f480e8f17dc
semantic	tests/compiler-poly/fixtures/kind-forward.bend	0	completed	24/24	2026-09-29T05-05-00.572Z-abf17a8c-3d9f-4c1b-882f-5bc1db23ace7
semantic	tests/compiler-poly/fixtures/kind-higher-order.bend	0	completed	24/24	2026-09-29T05-05-01.990Z-73f7ab26-638c-4d01-9833-4e6fead15d77
semantic	tests/compiler-poly/fixtures/kind-meet-reuse.bend	3	findings	28/28	2026-09-29T05-05-03.304Z-205136c1-73f5-4546-8e06-bf3434c474af
semantic	tests/compiler-poly/fixtures/kind-quantity-mismatch.bend	3	findings	26/26	2026-09-29T05-05-04.528Z-92e9d4c5-8dc3-4b40-b245-96095de16897
semantic	tests/compiler-poly/fixtures/kind-result-list.bend	0	completed	16/16	2026-09-29T05-05-05.889Z-c5880988-c90c-49f4-b416-0113f7ac64ab
semantic	tests/compiler-poly/fixtures/kind-reuse-affine-result.bend	0	completed	26/26	2026-09-29T05-05-06.964Z-e7d4e948-7a82-41f5-a2a0-275f8a18ca92
semantic	tests/compiler-poly/fixtures/kind-two-quantities.bend	3	findings	28/28	2026-09-29T05-05-08.071Z-7d8efe8b-2b72-476a-9600-9b6058b5b4eb
semantic	tests/compiler-poly/fixtures/kind-zero-arrow.bend	0	completed	12/12	2026-09-29T05-05-09.427Z-7b07bd0e-e502-4662-ae93-d29d4384078d
semantic	tests/compiler-poly/fixtures/promoted-affine-instance.bend	0	completed	32/32	2026-09-29T05-05-10.475Z-575cdf14-7cf8-4676-bb56-cd794d51d485
semantic	tests/compiler-poly/fixtures/rank2-choose-action.bend	0	completed	26/26	2026-09-29T05-05-11.994Z-c711d0cc-199b-4d7e-8aea-ce1bf474e0c7
semantic	tests/compiler-poly/fixtures/rank2-choose-mismatch.bend	3	findings	26/26	2026-09-29T05-05-13.533Z-d202f3b3-fbef-4f58-9ab8-879d7e935769
semantic	tests/compiler-poly/fixtures/rank2-continuation-twice.bend	0	completed	26/26	2026-09-29T05-05-14.963Z-1519b7ba-5d47-465d-a33a-6a21a6d8f241
semantic	tests/compiler-poly/fixtures/rank2-continuation.bend	0	completed	22/22	2026-09-29T05-05-16.391Z-d35c6092-519f-4427-b9a0-f34be165e2aa
semantic	tests/compiler-poly/fixtures/rank2-do-block.bend	0	completed	20/20	2026-09-29T05-05-17.836Z-f0c15e67-2249-4b00-96fa-09955d50cfc5
semantic	tests/compiler-poly/fixtures/rank2-monomorphic-arg.bend	0	completed	24/24	2026-09-29T05-05-19.097Z-f0feccdb-43bd-4429-8f76-6683ce1c1b96
semantic	tests/compiler-poly/fixtures/rank2-param.bend	0	completed	20/20	2026-09-29T05-05-20.911Z-f0926824-b475-4baa-ab64-b26737cba0f3
semantic	tests/compiler-poly/fixtures/rank2-partial-bind.bend	0	completed	24/24	2026-09-29T05-05-22.105Z-3d30068e-246a-4998-8c56-b2ab5af13017
semantic	tests/compiler-poly/fixtures/rank2-pure-bind.bend	0	completed	22/22	2026-09-29T05-05-23.672Z-62136702-3d1d-4112-ac95-000ec6b01980
semantic	tests/compiler-poly/fixtures/rank2-rigid-answer.bend	0	completed	22/22	2026-09-29T05-05-25.124Z-439e2b44-809c-4806-867b-048091e9ef07
semantic	tests/compiler-poly/fixtures/rank2-run-twice.bend	0	completed	30/30	2026-09-29T05-05-26.774Z-bc0d961c-0d5d-4d4b-993b-38254a29e86d
semantic	tests/compiler-poly/fixtures/rank2-try.bend	0	completed	20/20	2026-09-29T05-05-28.171Z-abdc4b90-8e1d-4c80-a317-68f39fef6b0a
semantic	tests/compiler-poly/fixtures/rank2-two-answers.bend	0	completed	26/26	2026-09-29T05-05-29.653Z-1c5740ec-1e42-47e4-a27c-3ca7f118cf32
semantic	tests/compiler-poly/fixtures/rigid-capture-twice.bend	0	completed	20/20	2026-09-29T05-05-31.137Z-00b5ed0d-fe15-476c-9fe0-49f4f482bbda
semantic	tests/compiler-poly/fixtures/rigid-closure-twice.bend	0	completed	22/22	2026-09-29T05-05-32.818Z-295429f3-953b-4740-b2f3-29e85e06b98c
semantic	tests/compiler-poly/fixtures/rigid-domain-mismatch.bend	3	findings	20/20	2026-09-29T05-05-34.412Z-e3dfbcf2-74db-42af-9684-ba002e440422
semantic	tests/compiler-poly/fixtures/rigid-reusable-type.bend	0	completed	20/20	2026-09-29T05-05-35.993Z-51ded56f-ae02-4521-a177-f6ad7b13541a
semantic	tests/compiler-poly/fixtures/sigma-affine-twice.bend	0	completed	20/20	2026-09-29T05-05-37.317Z-058d6f80-5641-4c06-bf94-53a3033ecb5c
semantic	tests/compiler-poly/fixtures/sigma-dependent.bend	0	completed	12/12	2026-09-29T05-05-38.529Z-105b1b98-5bb2-426a-b355-c84feac04419
semantic	tests/compiler-poly/fixtures/sigma-family-live-binder.bend	0	completed	12/12	2026-09-29T05-05-39.625Z-9fcedda5-5f0e-4362-b319-2bea8464fc8a
semantic	tests/compiler-poly/fixtures/sigma-in-result-action.bend	0	completed	26/26	2026-09-29T05-05-40.782Z-eb3d5636-7748-4b85-af11-95f65d6ee8ad
semantic	tests/compiler-poly/fixtures/sigma-pair.bend	0	completed	20/20	2026-09-29T05-05-42.000Z-c1b0e6cb-ec5e-4d8c-9b34-a97c7c39cf59
semantic	tests/compiler-poly/fixtures/sigma-reusable.bend	0	completed	14/14	2026-09-29T05-05-43.351Z-b0e9ff28-20da-4c11-becf-860aa61d19e6
semantic	tests/compiler-poly/fixtures/sigma-reuse-affine.bend	0	completed	18/18	2026-09-29T05-05-44.545Z-d4d15731-1aad-4c83-8f40-892fc119ce50
semantic	tests/compiler-poly/fixtures/sigma-snd-mismatch.bend	0	completed	12/12	2026-09-29T05-05-45.861Z-60592d7c-06eb-43f8-85df-38262f22e1fa
semantic	tests/compiler-poly/fixtures/sigma-unpack.bend	0	completed	14/14	2026-09-29T05-05-47.021Z-5246fa40-3778-409b-9581-b1eed42e9a9f
semantic	tests/compiler-poly/fixtures/sigma-unrefined.bend	0	completed	14/14	2026-09-29T05-05-48.285Z-e9972bbc-e471-4213-a6d9-9662a236b50f
semantic	tests/compiler-poly/fixtures/template-any-forward.bend	0	completed	20/20	2026-09-29T05-05-49.596Z-f35ccdb3-190b-47b7-8fd5-2f52ebf89812
semantic	tests/compiler-poly/fixtures/template-filter-data.bend	0	completed	16/16	2026-09-29T05-05-50.933Z-b5d360d7-f741-4e1d-8a59-58459a9d2dc2
semantic	tests/compiler-poly/fixtures/template-fold-quant.bend	0	completed	16/16	2026-09-29T05-05-52.065Z-1282f5a2-567d-4e74-aded-64fd3d06335f
semantic	tests/compiler-poly/fixtures/template-generic-arg.bend	0	completed	14/14	2026-09-29T05-05-53.133Z-f95a8aef-a705-49bc-b3c9-73b509c3df85
semantic	tests/compiler-poly/fixtures/template-map-types.bend	0	completed	16/16	2026-09-29T05-05-54.133Z-e1a6c6cc-7183-4e06-b5d3-856d98ed0ab9
semantic	tests/compiler-poly/fixtures/template-open-type.bend	0	completed	20/20	2026-09-29T05-05-55.454Z-ad2da4be-6221-4f1c-9971-b09005f8a28f
semantic	tests/compiler-poly/fixtures/template-plain-param.bend	1	failed	0/0	2026-09-29T05-05-56.769Z-38d8265b-7468-47c1-a142-38b56be9c5b7
semantic	tests/compiler-poly/fixtures/template-quant-kind.bend	0	completed	16/16	2026-09-29T05-05-57.175Z-fd2cf0dd-8ec0-4ef4-b8ca-389d5923fb63
semantic	tests/compiler-poly/fixtures/template-set-known-thunk.bend	0	completed	24/24	2026-09-29T05-05-58.277Z-181f554f-ec06-4214-8a1e-0ffbf778cd75
semantic	tests/compiler-poly/fixtures/template-thunk-affine.bend	0	completed	24/24	2026-09-29T05-05-59.879Z-b2325223-3428-4e12-8b2e-c5388d5f3268
semantic	tests/compiler-poly/fixtures/template-type-mismatch.bend	3	findings	16/16	2026-09-29T05-06-01.310Z-6e7c9ab0-cc05-4366-b561-ec8b7eab8391
semantic	tests/compiler-recursion/fixtures/add.bend	0	completed	4/4	2026-09-29T05-06-02.606Z-1f840b47-722d-45dd-9d53-b219a3732e6f
semantic	tests/compiler-recursion/fixtures/after-let.bend	3	findings	4/4	2026-09-29T05-06-03.456Z-c8c4670c-216a-4ded-880e-0329545bb706
semantic	tests/compiler-recursion/fixtures/computed.bend	0	completed	6/6	2026-09-29T05-06-04.401Z-353f4016-693e-4317-b40b-aab664be3ac0
semantic	tests/compiler-recursion/fixtures/deep-input.bend	3	findings	6/6	2026-09-29T05-06-05.528Z-b1be7efd-bd64-4285-9c78-61d2f6d11ba1
semantic	tests/compiler-recursion/fixtures/deep.bend	0	completed	6/6	2026-09-29T05-06-06.514Z-662e889d-59b0-477c-995b-e244fc4acd57
semantic	tests/compiler-recursion/fixtures/direct.bend	0	completed	4/4	2026-09-29T05-06-07.814Z-f87278a2-573d-4f6c-a77c-e7ac323c38a9
semantic	tests/compiler-recursion/fixtures/even.bend	0	completed	4/4	2026-09-29T05-06-08.699Z-5400ed07-52f7-44ca-bf4e-96ca8f880340
semantic	tests/compiler-recursion/fixtures/first-parameter.bend	0	completed	4/4	2026-09-29T05-06-09.499Z-6ececc33-1192-4bd3-9d1e-eaf9b22e7e18
semantic	tests/compiler-recursion/fixtures/length.bend	0	completed	4/4	2026-09-29T05-06-10.898Z-7c692109-8228-488c-b603-401910665efa
semantic	tests/compiler-recursion/fixtures/mirror.bend	0	completed	4/4	2026-09-29T05-06-11.883Z-357a9271-8923-427a-ad43-15b5e2b92d43
semantic	tests/compiler-recursion/fixtures/mutual.bend	0	completed	6/6	2026-09-29T05-06-12.892Z-9234168d-339c-4f8b-915f-017e6e9016e1
semantic	tests/compiler-recursion/fixtures/ordered-calls.bend	0	completed	6/6	2026-09-29T05-06-13.914Z-8f60e5b1-c3dd-4fc8-a709-c3ae0e44a1c1
semantic	tests/compiler-recursion/fixtures/other-parameter.bend	0	completed	4/4	2026-09-29T05-06-14.841Z-d9327387-05b9-4ec3-99a8-0599ba94520f
semantic	tests/compiler-recursion/fixtures/rebuilt-constructor.bend	3	findings	4/4	2026-09-29T05-06-16.247Z-fe2ee247-76f8-4298-b5e7-86e3867ebf65
semantic	tests/compiler-recursion/fixtures/rebuilt-parent.bend	3	findings	4/4	2026-09-29T05-06-17.267Z-d560fa56-b943-4a7e-ad1f-7fb0d49a22f7
semantic	tests/compiler-recursion/fixtures/same-parameter.bend	3	findings	4/4	2026-09-29T05-06-18.828Z-37f290e7-eb51-4648-ae98-fd87adc65380
semantic	tests/compiler-recursion/fixtures/second-descent.bend	0	completed	4/4	2026-09-29T05-06-19.681Z-450a196d-91fc-424e-8f0b-0f6277bd38d9
semantic	tests/compiler-recursion/fixtures/shadow-field.bend	3	findings	4/4	2026-09-29T05-06-20.556Z-d2d33ce0-35d7-4e2b-a0a1-46c371fde6cb
semantic	tests/compiler-recursion/fixtures/shadow-let.bend	3	findings	4/4	2026-09-29T05-06-21.434Z-432d524f-aca6-4af4-a523-3b9562baf051
semantic	tests/compiler-selfhost/fixtures/cross-module-hof-type-arg/main.bend	0	completed	12/12	2026-09-29T05-06-22.293Z-940ac157-73b6-43ed-ab4d-cac9f992c060
semantic	tests/compiler-selfhost/fixtures/cross-module-hof-type-arg/syntax.bend	0	completed	4/4	2026-09-29T05-06-23.815Z-5ed97d89-49b0-405c-ae67-61c57c52f52c
semantic	tests/compiler-selfhost/fixtures/cross-module-hof/main.bend	0	completed	12/12	2026-09-29T05-06-24.710Z-b535cf15-b254-4684-a8cd-dfadb979f593
semantic	tests/compiler-selfhost/fixtures/cross-module-hof/syntax.bend	0	completed	4/4	2026-09-29T05-06-26.067Z-729906c3-56ff-443a-8521-9cf7fe409479
semantic	tests/compiler-selfhost/fixtures/fuel-continuation-capture/main.bend	0	completed	22/22	2026-09-29T05-06-27.049Z-f45dec85-2236-4387-a007-99541e9895bd
semantic	tests/compiler-selfhost/fixtures/fuel-continuation/main.bend	0	completed	22/22	2026-09-29T05-06-28.106Z-897c7a95-c5f7-4273-bb89-e4b949044745
semantic	tests/compiler-selfhost/fixtures/fuel-four-columns-column-type/main.bend	3	findings	12/12	2026-09-29T05-06-29.091Z-605b489f-7b34-40b9-8657-a912b421f2e3
semantic	tests/compiler-selfhost/fixtures/fuel-four-columns/main.bend	3	findings	12/12	2026-09-29T05-06-30.159Z-253d4f54-5473-4c73-a698-2b96a9e5125f
semantic	tests/compiler-selfhost/fixtures/fuel-rows-missing-zero/main.bend	0	completed	12/12	2026-09-29T05-06-31.056Z-e0baf7a8-a8c7-4765-83a6-234b3158c580
semantic	tests/compiler-selfhost/fixtures/fuel-rows/main.bend	0	completed	12/12	2026-09-29T05-06-32.019Z-7c2e53ba-bee7-4856-938c-b8390c574a3e
semantic	tests/compiler-selfhost/fixtures/fuel-string-columns-arity/main.bend	1	failed	0/0	2026-09-29T05-06-33.009Z-aae15cd8-1dab-449f-bf5f-cc830a72e353
semantic	tests/compiler-selfhost/fixtures/fuel-string-columns/main.bend	0	completed	14/14	2026-09-29T05-06-33.409Z-9115e78b-9df8-4e47-b176-2d705621f280
semantic	tests/compiler-selfhost/fixtures/fuel-wildcard-first-reuse/main.bend	0	completed	14/14	2026-09-29T05-06-34.321Z-07806b7c-9305-4c08-aa0d-253640ebe5c4
semantic	tests/compiler-selfhost/fixtures/fuel-wildcard-first/main.bend	0	completed	12/12	2026-09-29T05-06-35.273Z-81015e71-92a8-4e9a-9fcc-46f6c3400d7b
semantic	tests/compiler-selfhost/fixtures/io-do-imported-statement/lib.bend	0	completed	4/4	2026-09-29T05-06-36.385Z-095cb370-b556-41d3-9447-30f4dca9cad1
semantic	tests/compiler-selfhost/fixtures/io-do-imported-statement/main.bend	3	findings	4/4	2026-09-29T05-06-37.231Z-e2ed9644-8abd-4c0c-ae3d-84d28188cc27
semantic	tests/compiler-selfhost/fixtures/io-do-imported/lib.bend	0	completed	4/4	2026-09-29T05-06-38.088Z-095f7f1a-f7d1-4a07-8c32-3cd36bf43c63
semantic	tests/compiler-selfhost/fixtures/io-do-imported/main.bend	3	findings	4/4	2026-09-29T05-06-38.984Z-19a3ec4a-755c-46f4-ba28-22d46386ec4a
semantic	tests/compiler-selfhost/fixtures/io-fuel-loader-missing-zero/main.bend	0	completed	24/24	2026-09-29T05-06-39.903Z-854126b9-7bea-4b2f-91b4-1d6b3489e27a
semantic	tests/compiler-selfhost/fixtures/io-fuel-loader/main.bend	0	completed	24/24	2026-09-29T05-06-41.082Z-0b622fa5-71de-4fe9-831c-3b9b6f89a5dd
semantic	tests/compiler-selfhost/fixtures/io-load-continuation-type/main.bend	0	completed	16/16	2026-09-29T05-06-42.347Z-abdd2c59-599e-4894-b459-d3eb9ff6852a
semantic	tests/compiler-selfhost/fixtures/io-load-continuation/main.bend	0	completed	16/16	2026-09-29T05-06-43.443Z-60d859ca-38b9-4410-bc9e-45aa4f7d06b5
semantic	tests/compiler-selfhost/fixtures/layout-braces-comma/main.bend	1	failed	0/0	2026-09-29T05-06-44.402Z-127abf9f-a8fb-4ef4-885a-c634bea2be38
semantic	tests/compiler-selfhost/fixtures/layout-braces/main.bend	0	completed	10/10	2026-09-29T05-06-44.777Z-dec913e8-61c4-4e6c-b85a-d3657a2ec871
semantic	tests/compiler-selfhost/fixtures/layout-brackets-comma/main.bend	1	failed	0/0	2026-09-29T05-06-45.728Z-a26bf3ec-c54e-4d3a-88ec-3e6633d91346
semantic	tests/compiler-selfhost/fixtures/layout-brackets/main.bend	0	completed	10/10	2026-09-29T05-06-46.143Z-a8bfba9e-ff40-4a65-a612-82a62be93572
semantic	tests/compiler-selfhost/fixtures/layout-call-args-comma/main.bend	1	failed	0/0	2026-09-29T05-06-47.326Z-cb04aed2-9374-4de5-b07d-5ea5037a6c9d
semantic	tests/compiler-selfhost/fixtures/layout-call-args/main.bend	0	completed	10/10	2026-09-29T05-06-47.710Z-835509f2-c642-4a04-b334-1daedc83ef00
semantic	tests/compiler-selfhost/fixtures/layout-choose-ladder-comma/main.bend	1	failed	0/0	2026-09-29T05-06-48.787Z-e1759663-5539-4803-a7ec-d575dc1857de
semantic	tests/compiler-selfhost/fixtures/layout-choose-ladder/main.bend	3	findings	6/6	2026-09-29T05-06-49.176Z-6824bb15-b210-433e-abd1-50ef927d7049
semantic	tests/compiler-selfhost/fixtures/layout-comments-swallowed/main.bend	1	failed	0/0	2026-09-29T05-06-50.126Z-f359bdb6-3f26-4d2f-a652-a474d14a9ebb
semantic	tests/compiler-selfhost/fixtures/layout-comments/main.bend	0	completed	12/12	2026-09-29T05-06-50.490Z-757b1bf9-1097-4208-b936-6ab66b5758b8
semantic	tests/compiler-selfhost/fixtures/layout-dedent-close-extra/main.bend	1	failed	0/0	2026-09-29T05-06-51.468Z-bb2e1277-264e-426d-8cfb-3ced5f0d891f
semantic	tests/compiler-selfhost/fixtures/layout-dedent-close/main.bend	0	completed	12/12	2026-09-29T05-06-51.832Z-07d2e2c6-29e3-4178-bb01-fd6a0721ef8a
semantic	tests/compiler-selfhost/fixtures/layout-def-header-comma/main.bend	1	failed	0/0	2026-09-29T05-06-52.725Z-45aac908-8fa9-4d82-9be4-b805339eb851
semantic	tests/compiler-selfhost/fixtures/layout-def-header/main.bend	3	findings	10/10	2026-09-29T05-06-53.125Z-d835c411-5268-4daf-9027-276f064fb36b
semantic	tests/compiler-selfhost/fixtures/layout-lambda-statements-reuse/main.bend	0	completed	18/18	2026-09-29T05-06-54.036Z-4bf8f576-b34d-4c98-bfee-dcaa700416df
semantic	tests/compiler-selfhost/fixtures/layout-lambda-statements/main.bend	0	completed	18/18	2026-09-29T05-06-55.162Z-7a87c527-b7e7-4d62-99e0-a97a12a79e09
semantic	tests/compiler-selfhost/fixtures/list-generic-field-element/main.bend	0	completed	18/18	2026-09-29T05-06-56.343Z-01689f28-42f4-463e-ac56-be515ad11f92
semantic	tests/compiler-selfhost/fixtures/list-generic-field/main.bend	0	completed	18/18	2026-09-29T05-06-57.451Z-31dd8c33-8d87-4456-b022-b093825014fa
semantic	tests/compiler-selfhost/fixtures/list-lambda-body-scalar/main.bend	0	completed	14/14	2026-09-29T05-06-58.990Z-2228c2f1-6635-42d3-bb3c-a5f39a2893f3
semantic	tests/compiler-selfhost/fixtures/list-lambda-body/main.bend	0	completed	14/14	2026-09-29T05-07-00.011Z-80a9ec3b-f01d-49cc-8a89-8bf75564d2ca
semantic	tests/compiler-selfhost/fixtures/list-literal-imported-element/flags.bend	0	completed	6/6	2026-09-29T05-07-01.001Z-0a3d43c6-d17a-463d-9e51-2411cbdb578e
semantic	tests/compiler-selfhost/fixtures/list-literal-imported-element/main.bend	0	completed	14/14	2026-09-29T05-07-01.997Z-7e9e49e4-151e-4f1f-bc28-cc0e2efa12d7
semantic	tests/compiler-selfhost/fixtures/list-literal-imported/flags.bend	0	completed	6/6	2026-09-29T05-07-03.269Z-3c3c2500-7a8d-4bf9-a526-e324e521cecf
semantic	tests/compiler-selfhost/fixtures/list-literal-imported/main.bend	0	completed	14/14	2026-09-29T05-07-04.553Z-e2848474-b85c-4868-8cfc-bb6439bd8ca9
semantic	tests/compiler-selfhost/fixtures/list-of-results-element/main.bend	0	completed	10/10	2026-09-29T05-07-05.740Z-b008ba21-d9b0-4c16-9d1c-35165115d76e
semantic	tests/compiler-selfhost/fixtures/list-of-results/main.bend	0	completed	10/10	2026-09-29T05-07-07.156Z-9661f129-6cb5-432b-a4d7-b415f306c89e
semantic	tests/compiler-selfhost/fixtures/mutual-term-bind-defs/main.bend	0	completed	14/14	2026-09-29T05-07-08.208Z-2a6abfcf-c983-47a4-ad10-39be6b09435b
semantic	tests/compiler-selfhost/fixtures/mutual-term-bind/main.bend	0	completed	12/12	2026-09-29T05-07-09.540Z-b2b2ae62-2279-48db-82a1-328b8ac85588
semantic	tests/compiler-selfhost/fixtures/nat-65536-as-word/main.bend	0	completed	4/4	2026-09-29T05-07-11.074Z-ea6933cb-671d-4b16-8858-3f95cd0a3ca8
semantic	tests/compiler-selfhost/fixtures/nat-65536/main.bend	0	completed	8/8	2026-09-29T05-07-12.481Z-3ba29d40-6816-46d4-b25f-aa2a8d0b509a
semantic	tests/compiler-selfhost/fixtures/nested-self-call-list-suffix/main.bend	3	findings	14/14	2026-09-29T05-07-13.567Z-c6486315-39ee-4a9f-bb0c-0bff2e0b27cf
semantic	tests/compiler-selfhost/fixtures/nested-self-call-list/main.bend	3	findings	14/14	2026-09-29T05-07-14.721Z-bc8ded28-ed8c-4601-971b-53006ddc25a5
semantic	tests/compiler-selfhost/fixtures/nested-self-call-mistyped/main.bend	0	completed	4/4	2026-09-29T05-07-15.782Z-fed1e61c-5e90-4d66-86d7-2ef7e67afd02
semantic	tests/compiler-selfhost/fixtures/nested-self-call/main.bend	0	completed	12/12	2026-09-29T05-07-16.630Z-7cc4006f-1075-4aec-90b7-83e4e6394ae0
semantic	tests/compiler-selfhost/fixtures/qualified-collision-bare/lib.bend	0	completed	4/4	2026-09-29T05-07-17.667Z-bc7ec0fa-6c4c-4c5c-a9a1-d8b2f13bbd6b
semantic	tests/compiler-selfhost/fixtures/qualified-collision-bare/main.bend	0	completed	8/8	2026-09-29T05-07-18.528Z-791b56c7-3a00-487d-8417-c176854b7c02
semantic	tests/compiler-selfhost/fixtures/qualified-collision/lib.bend	0	completed	4/4	2026-09-29T05-07-19.539Z-46adc69e-75a3-451a-aeb6-0e0feb7b744c
semantic	tests/compiler-selfhost/fixtures/qualified-collision/main.bend	0	completed	8/8	2026-09-29T05-07-20.406Z-109b9537-ef0b-4b29-8683-3bff5f8c2023
semantic	tests/compiler-selfhost/fixtures/qualified-fields-unknown/flags.bend	1	no-coverage	0/0	2026-09-29T05-07-21.492Z-c95f5641-aabf-4ce7-8a9e-3c4a96a3e527
semantic	tests/compiler-selfhost/fixtures/qualified-fields-unknown/main.bend	0	completed	20/20	2026-09-29T05-07-21.955Z-8e503af3-8f8e-4e8a-a2c5-91b8cbb010a5
semantic	tests/compiler-selfhost/fixtures/qualified-fields/flags.bend	1	no-coverage	0/0	2026-09-29T05-07-23.057Z-a2151846-3587-40a2-a682-eb25de583a71
semantic	tests/compiler-selfhost/fixtures/qualified-fields/main.bend	0	completed	20/20	2026-09-29T05-07-23.497Z-9f22daf4-ddf6-4dc8-81d0-8248fcc8d560
semantic	tests/compiler-selfhost/fixtures/qualified-nested-ctors-foreign/core.bend	1	no-coverage	0/0	2026-09-29T05-07-24.538Z-6e033bed-33d8-4cd3-b5fc-7eed3b6088a8
semantic	tests/compiler-selfhost/fixtures/qualified-nested-ctors-foreign/main.bend	0	completed	16/16	2026-09-29T05-07-25.129Z-ba4471a4-a049-4325-a9e7-83a75480505f
semantic	tests/compiler-selfhost/fixtures/qualified-nested-ctors/core.bend	1	no-coverage	0/0	2026-09-29T05-07-26.128Z-3a2e100e-2f28-4852-8511-c0b4f2e6fc58
semantic	tests/compiler-selfhost/fixtures/qualified-nested-ctors/main.bend	0	completed	16/16	2026-09-29T05-07-26.542Z-6c65a6e8-9085-4648-83ec-3884df16c3ac
semantic	tests/compiler-selfhost/fixtures/rose-tree-kids/main.bend	0	completed	16/16	2026-09-29T05-07-27.584Z-12db0a9f-aaf7-423a-85e3-abceb1421f64
semantic	tests/compiler-selfhost/fixtures/rose-tree/main.bend	0	completed	16/16	2026-09-29T05-07-28.775Z-4a0d5e27-9157-4ba9-869d-67e4f832b3b1
semantic	tests/compiler-selfhost/fixtures/scale-bundle/m00.bend	0	completed	74/74	2026-09-29T05-07-29.686Z-26735f18-e330-492b-85a1-4c2fc75e2b6f
semantic	tests/compiler-selfhost/fixtures/scale-bundle/m01.bend	0	completed	78/78	2026-09-29T05-07-31.125Z-e231acb7-6cf6-4be6-a897-b20bf7224041
semantic	tests/compiler-selfhost/fixtures/scale-bundle/m02.bend	0	completed	78/78	2026-09-29T05-07-32.738Z-38fd1985-877a-4f2d-a1e9-67802c87adf0
semantic	tests/compiler-selfhost/fixtures/scale-bundle/m03.bend	0	completed	78/78	2026-09-29T05-07-34.437Z-ddd35fd8-9d42-45c3-b25d-220b1a1388d2
semantic	tests/compiler-selfhost/fixtures/scale-bundle/m04.bend	0	completed	78/78	2026-09-29T05-07-36.148Z-eba058b7-9fb5-440e-84c6-f9baebd98892
semantic	tests/compiler-selfhost/fixtures/scale-bundle/m05.bend	0	completed	78/78	2026-09-29T05-07-37.810Z-ba6121f3-3c64-4062-9717-a14782004976
semantic	tests/compiler-selfhost/fixtures/scale-bundle/m06.bend	0	completed	78/78	2026-09-29T05-07-39.444Z-545527ee-6675-4c4f-b16b-57dc0c328fbe
semantic	tests/compiler-selfhost/fixtures/scale-bundle/m07.bend	0	completed	78/78	2026-09-29T05-07-40.989Z-e096b0cc-6447-4b85-a30c-42c024504222
semantic	tests/compiler-selfhost/fixtures/scale-bundle/m08.bend	0	completed	78/78	2026-09-29T05-07-42.530Z-ae969d04-9fe0-4d08-8067-f40f84e1e316
semantic	tests/compiler-selfhost/fixtures/scale-bundle/m09.bend	0	completed	78/78	2026-09-29T05-07-44.307Z-8be7559d-dca8-4617-a81c-5721c4760b51
semantic	tests/compiler-selfhost/fixtures/scale-bundle/m10.bend	0	completed	78/78	2026-09-29T05-07-46.076Z-c03495f6-0f8b-4f28-9301-4e8c0eea763b
semantic	tests/compiler-selfhost/fixtures/scale-bundle/m11.bend	0	completed	78/78	2026-09-29T05-07-47.870Z-f850e310-5418-433d-b72c-476e2beaf857
semantic	tests/compiler-selfhost/fixtures/scale-bundle/m12.bend	0	completed	78/78	2026-09-29T05-07-49.712Z-f5e0616e-dbf8-4c06-b004-a75df5f95b52
semantic	tests/compiler-selfhost/fixtures/scale-bundle/m13.bend	0	completed	78/78	2026-09-29T05-07-51.320Z-d727875a-769c-40c7-993f-60491c6ca00e
semantic	tests/compiler-selfhost/fixtures/scale-bundle/m14.bend	0	completed	78/78	2026-09-29T05-07-52.923Z-fd3deac7-21c1-424c-8b27-4693616d4424
semantic	tests/compiler-selfhost/fixtures/scale-bundle/m15.bend	0	completed	78/78	2026-09-29T05-07-54.597Z-b7dd301d-9df3-4244-96f2-a2b37b8788ef
semantic	tests/compiler-selfhost/fixtures/scale-bundle/m16.bend	0	completed	78/78	2026-09-29T05-07-56.210Z-89e0c64b-2f1c-4526-81d8-a8faf713abdd
semantic	tests/compiler-selfhost/fixtures/scale-bundle/m17.bend	0	completed	78/78	2026-09-29T05-07-57.908Z-0904c2e1-a68a-4ebb-8eb9-f63d9ea24ca7
semantic	tests/compiler-selfhost/fixtures/scale-bundle/m18.bend	0	completed	78/78	2026-09-29T05-07-59.522Z-a3c473a6-40c0-424c-8b97-41708858853f
semantic	tests/compiler-selfhost/fixtures/scale-bundle/m19.bend	0	completed	78/78	2026-09-29T05-08-01.297Z-2c15a0ba-9123-475e-9c67-63b3da27d4b3
semantic	tests/compiler-selfhost/fixtures/scale-bundle/main.bend	0	completed	8/8	2026-09-29T05-08-03.111Z-761eb448-b6a4-4eb5-b35e-54333b63829b
semantic	tests/compiler-selfhost/fixtures/scale-catalog/main.bend	3	findings	1446/1446	2026-09-29T05-08-04.128Z-36fa919b-fa3a-435a-ad1f-61d4241ffbe9
semantic	tests/compiler-selfhost/fixtures/template-qualified-arg-type/core.bend	1	no-coverage	0/0	2026-09-29T05-08-18.342Z-3920ff3c-25fd-4f57-a383-bec2faa965f9
semantic	tests/compiler-selfhost/fixtures/template-qualified-arg-type/main.bend	3	findings	14/14	2026-09-29T05-08-18.786Z-764debd2-3fda-4929-affa-e1b9d5290f86
semantic	tests/compiler-selfhost/fixtures/template-qualified-arg/core.bend	1	no-coverage	0/0	2026-09-29T05-08-19.796Z-bb776782-6fb8-481a-b294-9b62d30e2720
semantic	tests/compiler-selfhost/fixtures/template-qualified-arg/main.bend	3	findings	14/14	2026-09-29T05-08-20.351Z-c410d3d4-6135-4946-8915-b481fda18fb4
semantic	tests/compiler-selfhost/fixtures/u32-bitwise-edges/main.bend	0	completed	18/18	2026-09-29T05-08-21.581Z-6acd15d8-5ac9-466d-9936-53622a9f52a9
semantic	tests/compiler-selfhost/fixtures/u32-bitwise-word-count/main.bend	0	completed	4/4	2026-09-29T05-08-22.845Z-6e1fdd8f-afce-40a5-a270-daf79ab4b05a
semantic	tests/compiler-selfhost/fixtures/u32-nat-roundtrip/main.bend	0	completed	8/8	2026-09-29T05-08-24.091Z-27219269-f8d7-4b30-ad50-bf97645fe6f1
semantic	tests/compiler-sugar/fixtures/annotation-brace.bend	3	findings	8/8	2026-09-29T05-08-25.127Z-7dfd7d77-faaa-485c-9a4e-a0f888f8ba9b
semantic	tests/compiler-sugar/fixtures/annotation-list-let.bend	0	completed	12/12	2026-09-29T05-08-26.023Z-2358e2e5-a809-4767-9b6d-6b64fc79967c
semantic	tests/compiler-sugar/fixtures/annotation-reusable-quantity.bend	0	completed	10/10	2026-09-29T05-08-26.968Z-d804b6aa-e68a-4243-8ff2-78dbf2163f8f
semantic	tests/compiler-sugar/fixtures/annotation-unannotated-list.bend	0	completed	6/6	2026-09-29T05-08-27.936Z-a0051a3f-1763-45c4-bdd2-0e500a4663a7
semantic	tests/compiler-sugar/fixtures/char-compare.bend	0	completed	10/10	2026-09-29T05-08-28.938Z-a601511f-3d72-4327-93aa-6e0aac073405
semantic	tests/compiler-sugar/fixtures/char-u32-mismatch.bend	0	completed	6/6	2026-09-29T05-08-29.913Z-feabb837-2f8f-4eec-8756-570fcd124312
semantic	tests/compiler-sugar/fixtures/cons-operator.bend	0	completed	6/6	2026-09-29T05-08-30.875Z-074d418d-348c-44e8-89e1-48e577f905a7
semantic	tests/compiler-sugar/fixtures/dependent-bind.bend	0	completed	12/12	2026-09-29T05-08-31.868Z-ff9930fd-6a3c-44b9-94b5-e5bbab5b5518
semantic	tests/compiler-sugar/fixtures/dependent-choose.bend	0	completed	8/8	2026-09-29T05-08-32.841Z-42c09374-1675-44a8-b0bf-5504649bb77e
semantic	tests/compiler-sugar/fixtures/dependent-forward.bend	0	completed	4/4	2026-09-29T05-08-33.793Z-8b2ce713-1ef7-4703-9a74-19d069e89a0d
semantic	tests/compiler-sugar/fixtures/dependent-result.bend	3	findings	12/12	2026-09-29T05-08-34.679Z-e33c0aa3-4b97-43fe-ba77-3272ea682a6a
semantic	tests/compiler-sugar/fixtures/destructure-computed.bend	1	failed	0/0	2026-09-29T05-08-35.745Z-73ee7baa-983a-441f-a4c3-d2f6d68bba66
semantic	tests/compiler-sugar/fixtures/destructure-constructor.bend	0	completed	16/16	2026-09-29T05-08-36.167Z-3a1f6992-bcdf-441a-97f2-9b4dff9f2725
semantic	tests/compiler-sugar/fixtures/destructure-order.bend	1	failed	0/0	2026-09-29T05-08-37.261Z-a5d975cf-7607-4f35-b918-b00cfa59ce2b
semantic	tests/compiler-sugar/fixtures/destructure-sum.bend	0	completed	4/4	2026-09-29T05-08-37.699Z-c4e0ef41-75f7-4d2a-a255-06d5e32a4255
semantic	tests/compiler-sugar/fixtures/destructure-then-match.bend	0	completed	10/10	2026-09-29T05-08-38.583Z-bcdeb00f-f6c9-400e-8c08-4839003fa77a
semantic	tests/compiler-sugar/fixtures/destructure-typed.bend	1	failed	0/0	2026-09-29T05-08-39.547Z-aaacc988-7db4-412f-ab4e-742ff9d1aace
semantic	tests/compiler-sugar/fixtures/function-value-arity.bend	0	completed	8/8	2026-09-29T05-08-39.942Z-d14794b7-b1d9-4e35-a1f8-1de04536515c
semantic	tests/compiler-sugar/fixtures/function-value.bend	3	findings	14/14	2026-09-29T05-08-40.879Z-a3616588-e6ce-4124-8781-d2d6aad35233
semantic	tests/compiler-sugar/fixtures/list-as-scalar.bend	0	completed	4/4	2026-09-29T05-08-41.794Z-8a127a2d-4d20-409d-9509-b149debf6b67
semantic	tests/compiler-sugar/fixtures/list-element-mismatch.bend	0	completed	6/6	2026-09-29T05-08-42.684Z-349df557-f620-4789-ad2b-9ff4e327cd7c
semantic	tests/compiler-sugar/fixtures/list-literal-affine.bend	0	completed	16/16	2026-09-29T05-08-43.913Z-19e25b4d-dbe6-4e5e-bafd-1be1bde632ae
semantic	tests/compiler-sugar/fixtures/list-literal.bend	0	completed	14/14	2026-09-29T05-08-45.050Z-9dac6b61-4f3c-453f-9880-86c2a1d50ca0
semantic	tests/compiler-sugar/fixtures/list-nested.bend	0	completed	12/12	2026-09-29T05-08-46.014Z-1f0b01f3-df06-4bc0-a361-7a1d2ceb4f5b
semantic	tests/compiler-sugar/fixtures/list-separators.bend	0	completed	16/16	2026-09-29T05-08-47.011Z-9629bafb-5a90-425b-bf5b-6caa0296ee73
semantic	tests/compiler-sugar/fixtures/parallel-let.bend	0	completed	6/6	2026-09-29T05-08-48.001Z-3a8de888-dd19-4192-a6f7-8f3042772828
semantic	tests/compiler-sugar/fixtures/partial-call-reuse.bend	3	findings	8/8	2026-09-29T05-08-48.899Z-5fbe2663-c50e-4b02-bc8f-b6369e13d55b
semantic	tests/compiler-sugar/fixtures/partial-call.bend	0	completed	14/14	2026-09-29T05-08-49.826Z-5e30348d-7ba0-4e40-b8da-edd12aa933d9
semantic	tests/compiler-sugar/fixtures/template-bare-call.bend	0	completed	6/6	2026-09-29T05-08-50.773Z-b3ec7552-892d-4503-96d0-e8ae26d1d114
semantic	tests/compiler-sugar/fixtures/template-forward.bend	1	failed	0/0	2026-09-29T05-08-51.700Z-c10b1435-b38d-4482-bb5d-0deaf369fef3
semantic	tests/compiler-sugar/fixtures/template-function-arg.bend	0	completed	12/12	2026-09-29T05-08-52.139Z-2db96ff3-37dd-4216-87a6-e2d787a80671
semantic	tests/compiler-sugar/fixtures/template-late-binder.bend	1	failed	0/0	2026-09-29T05-08-53.116Z-11b4da53-1239-48ed-979a-bd069285efbd
semantic	tests/compiler-sugar/fixtures/template-open-argument.bend	0	completed	6/6	2026-09-29T05-08-53.539Z-e8e26be5-21ea-4d81-89b7-493f0ff990ab
semantic	tests/compiler-sugar/fixtures/template-set-known.bend	0	completed	18/18	2026-09-29T05-08-54.483Z-01116f32-5dbb-4100-9581-499052669e4f
semantic	tests/compiler-sugar/fixtures/template-value-arg.bend	0	completed	10/10	2026-09-29T05-08-55.454Z-f0db89d5-0576-488a-ab1b-ff1699b86003
semantic	tests/compiler-sugar/fixtures/tuple-affine-reuse.bend	0	completed	4/4	2026-09-29T05-08-56.367Z-4f033518-0f22-4583-a8df-da81f2fd18d0
semantic	tests/compiler-sugar/fixtures/tuple-arity.bend	0	completed	4/4	2026-09-29T05-08-57.232Z-6ff94f6c-bdcc-471d-8c88-33b7de5384b0
semantic	tests/compiler-sugar/fixtures/tuple-constructor-pattern.bend	3	findings	12/12	2026-09-29T05-08-58.246Z-4575901f-69f9-4d9e-88e7-99e5b37bff36
semantic	tests/compiler-sugar/fixtures/tuple-read-pair.bend	0	completed	12/12	2026-09-29T05-08-59.195Z-b7189e59-2b5f-4c75-bf86-252d4f43b81a
semantic	tests/compiler-sugar/fixtures/tuple-right-nested.bend	3	findings	10/10	2026-09-29T05-09-00.187Z-3f13dd2a-9a6a-411e-9f27-303211ed204b
semantic	tests/subsets/classification/application-binding-after-prefix.bend	1	failed	0/0	2026-09-29T05-09-01.125Z-e2b32e7e-74bc-4276-9f92-355be2cb1733
semantic	tests/subsets/classification/application-binding.bend	3	findings	2/2	2026-09-29T05-09-01.520Z-f858c020-c62f-4182-ba8e-f658fc32cb31
semantic	tests/subsets/classification/application-parameter-after-prefix.bend	1	failed	0/0	2026-09-29T05-09-02.319Z-063f2ba8-506b-44ee-a94f-fdcb796dc5a7
semantic	tests/subsets/classification/application-parameter.bend	3	findings	4/4	2026-09-29T05-09-02.694Z-0e9b5d8c-b9e4-41d1-a62e-3ed969110724
semantic	tests/subsets/classification/application-return-after-prefix.bend	1	failed	0/0	2026-09-29T05-09-03.499Z-958ad6c5-4cd4-4a13-980f-fbe8edccac3a
semantic	tests/subsets/classification/application-return.bend	3	findings	2/2	2026-09-29T05-09-03.869Z-bee4abd4-bb00-45a9-aa9e-d51ce2030368
semantic	tests/subsets/classification/destructure-after-prefix.bend	1	failed	0/0	2026-09-29T05-09-04.663Z-a5e2e697-f860-4c42-98e7-cc700db2ca16
semantic	tests/subsets/classification/destructure-arrow-malformed.bend	1	failed	0/0	2026-09-29T05-09-05.050Z-939ab542-56b7-4335-9fa3-29bc1cab6d41
semantic	tests/subsets/classification/destructure-arrow.bend	1	failed	0/0	2026-09-29T05-09-05.482Z-160506d2-dab0-4b8a-802e-5f64af9e27e5
semantic	tests/subsets/classification/destructure-equality-malformed.bend	1	failed	0/0	2026-09-29T05-09-05.857Z-4c75fccf-0499-4918-8ff5-f3d293e005ff
semantic	tests/subsets/classification/destructure-equality.bend	1	failed	0/0	2026-09-29T05-09-06.230Z-86d154b9-88b2-45ba-8aac-717375283537
semantic	tests/subsets/classification/destructure-malformed.bend	1	failed	0/0	2026-09-29T05-09-06.620Z-eff08f23-6fbc-4377-a9ba-28c7a863a3d3
semantic	tests/subsets/classification/destructure.bend	0	completed	4/4	2026-09-29T05-09-06.994Z-7526b5b3-ecbe-46dd-b093-2d79aeec49a0
semantic	tests/subsets/classification/generic-malformed.bend	1	failed	0/0	2026-09-29T05-09-07.852Z-76182493-02c6-45a3-9e46-dd79bee60331
semantic	tests/subsets/classification/generic.bend	0	completed	2/2	2026-09-29T05-09-08.235Z-32340699-ce51-4718-bbda-d1b7ddea48e9
semantic	tests/subsets/classification/hash-import-malformed.bend	1	failed	0/0	2026-09-29T05-09-08.978Z-e739b610-2f12-4c2e-9bcb-2806fc59e340
semantic	tests/subsets/classification/hash-import.bend	0	completed	2/2	2026-09-29T05-09-09.365Z-063607e1-2457-41b2-ab1b-658bc55a80dc
semantic	tests/subsets/classification/local-import-malformed.bend	1	failed	0/0	2026-09-29T05-09-10.101Z-9c06ea18-d18c-42c9-9466-2acf6ea07925
semantic	tests/subsets/classification/local-import.bend	0	completed	2/2	2026-09-29T05-09-10.467Z-1479a03f-b405-4b84-8107-be38c0f33b94
semantic	tests/subsets/classification/match-malformed.bend	1	failed	0/0	2026-09-29T05-09-11.189Z-cc1435a3-34fc-420b-a556-0e23da970c2c
semantic	tests/subsets/classification/match.bend	3	findings	4/4	2026-09-29T05-09-11.576Z-1683cd3a-db8f-4bb3-9dbf-695860ffa9d6
semantic	tests/subsets/classification/module.bend	1	no-coverage	0/0	2026-09-29T05-09-12.403Z-7ce0786c-c025-44b4-883f-73ef25bb6d05
semantic	tests/subsets/classification/template-after-prefix.bend	1	failed	0/0	2026-09-29T05-09-12.835Z-a7356728-784c-435e-a46a-70b26e6fafba
semantic	tests/subsets/classification/template-leading-pair.bend	3	findings	4/4	2026-09-29T05-09-13.239Z-cc3a4856-9f8f-49a3-8321-5e804947d5a8
semantic	tests/subsets/classification/template-malformed.bend	1	failed	0/0	2026-09-29T05-09-14.078Z-e045c3c0-3964-45c8-b17f-53af59679e9d
semantic	tests/subsets/classification/template-nonleading-erased.bend	1	failed	0/0	2026-09-29T05-09-14.460Z-88c91fa6-5e2c-4ac4-9568-2a0099898025
semantic	tests/subsets/classification/template-nonleading-malformed.bend	1	failed	0/0	2026-09-29T05-09-14.836Z-82a30159-f80e-4225-b294-6df404822ddb
semantic	tests/subsets/classification/template-nonleading-reusable.bend	1	failed	0/0	2026-09-29T05-09-15.232Z-fd372b18-9abf-4c9d-9e81-0959fb07d83c
semantic	tests/subsets/classification/template-nonleading.bend	1	failed	0/0	2026-09-29T05-09-15.608Z-114d8d6a-8c2a-49f3-89d9-d927fbb266bb
semantic	tests/subsets/classification/template.bend	3	findings	4/4	2026-09-29T05-09-15.990Z-7256387d-26a0-4099-85ea-7ad472807aa0
style	manifest:recursion-laws		style-manifest	34	2026-09-29T04-54-56.717Z-cc232e59-4d42-498f-9464-0ce96b8d90d0
style	manifest:frontend-parsing		style-manifest	42	2026-09-29T04-55-11.585Z-09360fec-3ed3-4da0-b045-56b73bc07519
style	manifest:frontend-laws		style-manifest	41	2026-09-29T04-55-23.944Z-9ebef18d-0690-4596-8ec4-acca21da4687
style	manifest:scope-patterns		style-manifest	101	2026-09-29T04-55-34.103Z-8719e406-c16c-41dd-a806-b5f7fcab8328
style	manifest:checking		style-manifest	36	2026-09-29T04-55-49.703Z-87983630-1c25-4f0a-918f-c9f24c70734d
style	manifest:checker-laws		style-manifest	39	2026-09-29T04-55-58.839Z-310aafbf-fca3-4f05-acfe-674615fc8fff
style	manifest:fields-laws		style-manifest	23	2026-09-29T04-56-08.535Z-b6fa32b3-ea40-4f61-9350-07d50cd1f6ad
style	manifest:wasm-emission		style-manifest	71	2026-09-29T04-56-22.955Z-ff111796-d084-4cbc-be5e-180b54351cb7
style	explicit:adaptive-runtime		style-rank	59	2026-09-29T04-57-27.909Z-0e767f2d-5fe3-44c8-a723-2ee5f03f6e42
style	explicit:data-lifetime		style-rank	119	2026-09-29T04-57-37.962Z-ee80bfaf-3996-4329-a381-4a3be55a106d
style	explicit:fields-wasm		style-rank	16	2026-09-29T04-57-51.523Z-8b88f0ac-68e8-4c3f-a346-19b164b8b085
style	explicit:fields-bounds		style-rank	5	2026-09-29T04-58-00.834Z-2c36c1c8-37d2-40a6-a499-98ba94bf36a8
style	explicit:io-read-bytes		style-rank	14	2026-09-29T04-58-08.100Z-1a3190da-4852-4ade-ba67-b728b804cdf7
style	explicit:io-empty-write		style-rank	8	2026-09-29T04-58-15.267Z-9587cea5-8f42-4393-997b-ddeb2922bb83
style	fixtures:data-lifetime-fixtures		style-rank	21	2026-09-29T05-16-48.113Z-a86f6d5f-0db5-472d-8dce-9ed3ecbb44f2
style	fixtures:census-fixtures		style-rank	18	2026-09-29T05-16-48.964Z-04352ef5-6b3f-40af-8b14-751618ab13c9
style	fixtures:perch-context-signatures		style-rank	12	2026-09-29T05-16-50.021Z-526f7f71-4a41-4669-a418-105bdf4febfa
style	fixtures:fields-wasm-fixtures		style-rank	54	2026-09-29T05-16-50.762Z-edd490a3-6533-4b02-99f0-5729b5f3b47d
style	fixtures:recursion		style-rank	70	2026-09-29T05-16-51.949Z-d56a9d67-eeee-4ba8-8d49-75d3df4bccb8
style	fixtures:generics		style-rank	228	2026-09-29T05-16-53.147Z-516b9f4e-c0c1-42af-8d33-5f3a027f3b40
style	fixtures:literals		style-rank	194	2026-09-29T05-16-56.606Z-3b22183c-0b31-49e4-8c37-750f43432337
style	fixtures:io		style-rank	146	2026-09-29T05-16-59.458Z-0c43977d-aad3-4de3-abd4-b88f8fdefdff
style	fixtures:closures		style-rank	289	2026-09-29T05-17-01.420Z-2cf524db-0a7b-412b-9bf9-150a6f30a686
style	fixtures:sugar		style-rank	236	2026-09-29T05-17-04.738Z-e81dc26c-36c8-4af3-9bf0-8b795122e77f
style	fixtures:subsets-classification		style-rank	30	2026-09-29T05-17-07.094Z-0f5fa02d-ca17-43f6-a947-2d824ef660c9
style	fixtures:baseslice		style-rank	409	2026-09-29T05-17-08.233Z-c2f027cb-9ab9-439c-b233-618b004bf7f4
style	fixtures:poly		style-rank	876	2026-09-29T05-17-12.404Z-12d8ae9a-3bd1-4fed-a37f-1b26be8d68ab
style	fixtures:selfhost		style-rank	1364	2026-09-29T05-17-21.077Z-da8218cf-1f84-4ff9-9c4d-77fbb3047767
